-- MySQL dump 10.13  Distrib 8.0.20, for Linux (x86_64)
--
-- Host: localhost    Database: vk
-- ------------------------------------------------------
-- Server version	8.0.20-0ubuntu0.20.04.1

/*!40101 SET @OLD_CHARACTER_SET_CLIENT=@@CHARACTER_SET_CLIENT */;
/*!40101 SET @OLD_CHARACTER_SET_RESULTS=@@CHARACTER_SET_RESULTS */;
/*!40101 SET @OLD_COLLATION_CONNECTION=@@COLLATION_CONNECTION */;
/*!50503 SET NAMES utf8mb4 */;
/*!40103 SET @OLD_TIME_ZONE=@@TIME_ZONE */;
/*!40103 SET TIME_ZONE='+00:00' */;
/*!40014 SET @OLD_UNIQUE_CHECKS=@@UNIQUE_CHECKS, UNIQUE_CHECKS=0 */;
/*!40014 SET @OLD_FOREIGN_KEY_CHECKS=@@FOREIGN_KEY_CHECKS, FOREIGN_KEY_CHECKS=0 */;
/*!40101 SET @OLD_SQL_MODE=@@SQL_MODE, SQL_MODE='NO_AUTO_VALUE_ON_ZERO' */;
/*!40111 SET @OLD_SQL_NOTES=@@SQL_NOTES, SQL_NOTES=0 */;

--
-- Table structure for table `communities`
--

DROP TABLE IF EXISTS `communities`;
/*!40101 SET @saved_cs_client     = @@character_set_client */;
/*!50503 SET character_set_client = utf8mb4 */;
CREATE TABLE `communities` (
  `id` int unsigned NOT NULL AUTO_INCREMENT COMMENT 'Идентификатор сроки',
  `name` varchar(150) CHARACTER SET utf8 COLLATE utf8_unicode_ci NOT NULL COMMENT 'Название группы',
  `created_at` datetime DEFAULT CURRENT_TIMESTAMP COMMENT 'Время создания строки',
  `updated_at` datetime DEFAULT CURRENT_TIMESTAMP ON UPDATE CURRENT_TIMESTAMP COMMENT 'Время обновления строки',
  PRIMARY KEY (`id`),
  UNIQUE KEY `name` (`name`)
) ENGINE=InnoDB AUTO_INCREMENT=101 DEFAULT CHARSET=utf8 COLLATE=utf8_unicode_ci COMMENT='Группы';
/*!40101 SET character_set_client = @saved_cs_client */;

--
-- Dumping data for table `communities`
--

LOCK TABLES `communities` WRITE;
/*!40000 ALTER TABLE `communities` DISABLE KEYS */;
INSERT INTO `communities` VALUES (1,'ab','2020-06-24 22:00:20','2020-06-24 22:00:20'),(2,'accusamus','2020-06-24 22:00:20','2020-06-24 22:00:20'),(3,'adipisci','2020-06-24 22:00:20','2020-06-24 22:00:20'),(4,'alias','2020-06-24 22:00:20','2020-06-24 22:00:20'),(5,'aliquam','2020-06-24 22:00:20','2020-06-24 22:00:20'),(6,'aliquid','2020-06-24 22:00:20','2020-06-24 22:00:20'),(7,'amet','2020-06-24 22:00:20','2020-06-24 22:00:20'),(8,'aperiam','2020-06-24 22:00:20','2020-06-24 22:00:20'),(9,'aspernatur','2020-06-24 22:00:20','2020-06-24 22:00:20'),(10,'assumenda','2020-06-24 22:00:20','2020-06-24 22:00:20'),(11,'at','2020-06-24 22:00:20','2020-06-24 22:00:20'),(12,'aut','2020-06-24 22:00:20','2020-06-24 22:00:20'),(13,'autem','2020-06-24 22:00:20','2020-06-24 22:00:20'),(14,'beatae','2020-06-24 22:00:20','2020-06-24 22:00:20'),(15,'blanditiis','2020-06-24 22:00:20','2020-06-24 22:00:20'),(16,'commodi','2020-06-24 22:00:20','2020-06-24 22:00:20'),(17,'consequatur','2020-06-24 22:00:20','2020-06-24 22:00:20'),(18,'corporis','2020-06-24 22:00:20','2020-06-24 22:00:20'),(19,'corrupti','2020-06-24 22:00:20','2020-06-24 22:00:20'),(20,'cupiditate','2020-06-24 22:00:20','2020-06-24 22:00:20'),(21,'delectus','2020-06-24 22:00:20','2020-06-24 22:00:20'),(22,'deserunt','2020-06-24 22:00:20','2020-06-24 22:00:20'),(23,'distinctio','2020-06-24 22:00:20','2020-06-24 22:00:20'),(24,'dolor','2020-06-24 22:00:20','2020-06-24 22:00:20'),(25,'dolore','2020-06-24 22:00:20','2020-06-24 22:00:20'),(26,'dolorem','2020-06-24 22:00:20','2020-06-24 22:00:20'),(27,'doloremque','2020-06-24 22:00:20','2020-06-24 22:00:20'),(28,'dolores','2020-06-24 22:00:20','2020-06-24 22:00:20'),(29,'ea','2020-06-24 22:00:20','2020-06-24 22:00:20'),(30,'eaque','2020-06-24 22:00:20','2020-06-24 22:00:20'),(31,'earum','2020-06-24 22:00:20','2020-06-24 22:00:20'),(32,'eos','2020-06-24 22:00:20','2020-06-24 22:00:20'),(33,'esse','2020-06-24 22:00:20','2020-06-24 22:00:20'),(34,'est','2020-06-24 22:00:20','2020-06-24 22:00:20'),(35,'et','2020-06-24 22:00:20','2020-06-24 22:00:20'),(36,'eum','2020-06-24 22:00:20','2020-06-24 22:00:20'),(37,'eveniet','2020-06-24 22:00:20','2020-06-24 22:00:20'),(38,'explicabo','2020-06-24 22:00:20','2020-06-24 22:00:20'),(39,'facere','2020-06-24 22:00:20','2020-06-24 22:00:20'),(40,'facilis','2020-06-24 22:00:20','2020-06-24 22:00:20'),(41,'fugit','2020-06-24 22:00:20','2020-06-24 22:00:20'),(42,'id','2020-06-24 22:00:20','2020-06-24 22:00:20'),(43,'impedit','2020-06-24 22:00:20','2020-06-24 22:00:20'),(44,'inventore','2020-06-24 22:00:20','2020-06-24 22:00:20'),(45,'ipsam','2020-06-24 22:00:20','2020-06-24 22:00:20'),(46,'iste','2020-06-24 22:00:20','2020-06-24 22:00:20'),(47,'itaque','2020-06-24 22:00:20','2020-06-24 22:00:20'),(48,'iusto','2020-06-24 22:00:20','2020-06-24 22:00:20'),(49,'laboriosam','2020-06-24 22:00:20','2020-06-24 22:00:20'),(50,'laudantium','2020-06-24 22:00:20','2020-06-24 22:00:20'),(51,'libero','2020-06-24 22:00:20','2020-06-24 22:00:20'),(52,'magni','2020-06-24 22:00:20','2020-06-24 22:00:20'),(53,'maiores','2020-06-24 22:00:20','2020-06-24 22:00:20'),(54,'minima','2020-06-24 22:00:20','2020-06-24 22:00:20'),(55,'minus','2020-06-24 22:00:20','2020-06-24 22:00:20'),(56,'modi','2020-06-24 22:00:20','2020-06-24 22:00:20'),(57,'mollitia','2020-06-24 22:00:20','2020-06-24 22:00:20'),(58,'nam','2020-06-24 22:00:20','2020-06-24 22:00:20'),(59,'natus','2020-06-24 22:00:20','2020-06-24 22:00:20'),(60,'neque','2020-06-24 22:00:20','2020-06-24 22:00:20'),(61,'nesciunt','2020-06-24 22:00:20','2020-06-24 22:00:20'),(62,'nobis','2020-06-24 22:00:20','2020-06-24 22:00:20'),(63,'non','2020-06-24 22:00:20','2020-06-24 22:00:20'),(64,'occaecati','2020-06-24 22:00:20','2020-06-24 22:00:20'),(65,'odio','2020-06-24 22:00:20','2020-06-24 22:00:20'),(66,'omnis','2020-06-24 22:00:20','2020-06-24 22:00:20'),(67,'pariatur','2020-06-24 22:00:20','2020-06-24 22:00:20'),(68,'perferendis','2020-06-24 22:00:20','2020-06-24 22:00:20'),(69,'porro','2020-06-24 22:00:20','2020-06-24 22:00:20'),(70,'praesentium','2020-06-24 22:00:20','2020-06-24 22:00:20'),(71,'provident','2020-06-24 22:00:20','2020-06-24 22:00:20'),(72,'quaerat','2020-06-24 22:00:20','2020-06-24 22:00:20'),(73,'quam','2020-06-24 22:00:20','2020-06-24 22:00:20'),(74,'quasi','2020-06-24 22:00:20','2020-06-24 22:00:20'),(75,'qui','2020-06-24 22:00:20','2020-06-24 22:00:20'),(76,'quia','2020-06-24 22:00:20','2020-06-24 22:00:20'),(77,'quibusdam','2020-06-24 22:00:20','2020-06-24 22:00:20'),(78,'quo','2020-06-24 22:00:20','2020-06-24 22:00:20'),(79,'quod','2020-06-24 22:00:20','2020-06-24 22:00:20'),(80,'quos','2020-06-24 22:00:20','2020-06-24 22:00:20'),(81,'recusandae','2020-06-24 22:00:20','2020-06-24 22:00:20'),(82,'reiciendis','2020-06-24 22:00:20','2020-06-24 22:00:20'),(83,'repellendus','2020-06-24 22:00:20','2020-06-24 22:00:20'),(84,'reprehenderit','2020-06-24 22:00:20','2020-06-24 22:00:20'),(85,'repudiandae','2020-06-24 22:00:20','2020-06-24 22:00:20'),(86,'rerum','2020-06-24 22:00:20','2020-06-24 22:00:20'),(87,'saepe','2020-06-24 22:00:20','2020-06-24 22:00:20'),(88,'sed','2020-06-24 22:00:20','2020-06-24 22:00:20'),(89,'sint','2020-06-24 22:00:20','2020-06-24 22:00:20'),(90,'sit','2020-06-24 22:00:20','2020-06-24 22:00:20'),(91,'sunt','2020-06-24 22:00:20','2020-06-24 22:00:20'),(92,'tempore','2020-06-24 22:00:20','2020-06-24 22:00:20'),(93,'ut','2020-06-24 22:00:20','2020-06-24 22:00:20'),(94,'vel','2020-06-24 22:00:20','2020-06-24 22:00:20'),(95,'velit','2020-06-24 22:00:20','2020-06-24 22:00:20'),(96,'veniam','2020-06-24 22:00:20','2020-06-24 22:00:20'),(97,'vitae','2020-06-24 22:00:20','2020-06-24 22:00:20'),(98,'voluptas','2020-06-24 22:00:20','2020-06-24 22:00:20'),(99,'voluptatem','2020-06-24 22:00:20','2020-06-24 22:00:20'),(100,'voluptatum','2020-06-24 22:00:20','2020-06-24 22:00:20');
/*!40000 ALTER TABLE `communities` ENABLE KEYS */;
UNLOCK TABLES;

--
-- Table structure for table `communities_users`
--

DROP TABLE IF EXISTS `communities_users`;
/*!40101 SET @saved_cs_client     = @@character_set_client */;
/*!50503 SET character_set_client = utf8mb4 */;
CREATE TABLE `communities_users` (
  `community_id` int unsigned NOT NULL COMMENT 'Ссылка на группу',
  `user_id` int unsigned NOT NULL COMMENT 'Ссылка на пользователя',
  `created_at` datetime DEFAULT CURRENT_TIMESTAMP COMMENT 'Время создания строки',
  PRIMARY KEY (`community_id`,`user_id`) COMMENT 'Составной первичный ключ'
) ENGINE=InnoDB DEFAULT CHARSET=utf8 COLLATE=utf8_unicode_ci COMMENT='Участники групп, связь между пользователями и группами';
/*!40101 SET character_set_client = @saved_cs_client */;

--
-- Dumping data for table `communities_users`
--

LOCK TABLES `communities_users` WRITE;
/*!40000 ALTER TABLE `communities_users` DISABLE KEYS */;
INSERT INTO `communities_users` VALUES (1,5,'1979-10-08 10:42:42'),(1,8,'2017-03-21 03:51:13'),(1,17,'1986-03-30 15:03:14'),(1,19,'1992-05-11 10:09:48'),(1,22,'2008-08-14 04:42:11'),(1,23,'1981-12-18 19:13:23'),(1,39,'1972-08-24 19:52:44'),(1,46,'1992-10-31 18:55:11'),(1,52,'1994-08-20 08:50:42'),(1,55,'1981-02-19 04:48:27'),(1,84,'1973-02-18 22:11:01'),(1,88,'2016-08-14 01:16:47'),(1,96,'2017-04-22 06:13:19'),(1,99,'2017-05-07 21:26:08'),(2,2,'1998-03-30 17:28:29'),(2,16,'1989-01-10 23:37:46'),(2,40,'1988-03-14 14:51:13'),(2,43,'2004-05-23 06:41:04'),(2,45,'1985-05-31 04:08:02'),(2,53,'1990-03-19 14:17:05'),(2,56,'1979-02-19 00:20:11'),(2,75,'2019-07-16 14:06:07'),(2,78,'2001-12-19 15:23:28'),(2,80,'1987-02-17 07:00:43'),(2,81,'1989-04-03 08:04:40'),(2,85,'2007-07-20 16:51:38'),(2,94,'2014-07-22 04:47:49'),(3,9,'2013-09-10 03:58:55'),(3,18,'1991-10-30 16:53:32'),(3,25,'2005-10-23 00:40:55'),(3,27,'2020-01-19 02:22:37'),(3,37,'2009-04-30 11:49:44'),(3,41,'2005-01-23 02:25:31'),(3,47,'2005-07-09 15:44:20'),(3,65,'2006-02-11 20:38:28'),(3,68,'2013-12-08 18:03:28'),(3,69,'2000-11-20 05:35:49'),(3,73,'1977-09-15 01:28:03'),(3,82,'2010-06-27 20:11:33'),(3,90,'1973-03-20 04:35:22'),(3,92,'2012-03-05 07:56:26'),(3,98,'2000-12-26 11:14:08'),(4,3,'2017-04-13 13:40:11'),(4,4,'1983-05-07 22:12:25'),(4,11,'1999-06-16 12:01:26'),(4,12,'1981-09-12 11:41:59'),(4,13,'1990-08-27 07:13:15'),(4,26,'2011-11-30 21:50:00'),(4,28,'1988-09-14 14:12:28'),(4,29,'1983-04-20 05:15:43'),(4,31,'1996-03-19 10:52:39'),(4,33,'1982-01-31 21:57:38'),(4,38,'1974-03-01 22:08:08'),(4,51,'1994-08-07 19:57:38'),(4,61,'1992-09-18 23:45:16'),(4,63,'1987-02-27 19:49:27'),(4,64,'2014-07-16 14:03:25'),(4,70,'2013-10-31 04:39:17'),(4,72,'1995-06-13 00:49:40'),(4,74,'2010-09-28 21:28:57'),(4,79,'1985-03-27 12:31:10'),(4,93,'1970-05-15 14:54:18'),(4,95,'2009-05-17 07:45:57'),(5,1,'1992-09-15 03:10:20'),(5,6,'1996-12-25 17:05:00'),(5,7,'1980-07-18 00:26:58'),(5,15,'2000-05-11 03:48:11'),(5,20,'1984-12-27 14:47:46'),(5,32,'1985-08-26 11:48:07'),(5,34,'1988-04-03 09:45:35'),(5,35,'1984-03-18 00:07:21'),(5,36,'1978-10-02 07:25:38'),(5,48,'2014-10-23 15:17:42'),(5,50,'1983-06-04 09:34:36'),(5,54,'2018-08-09 20:51:25'),(5,59,'2001-09-22 03:01:39'),(5,66,'1971-04-07 04:03:44'),(5,77,'2018-09-24 18:31:44'),(5,83,'2011-05-10 16:06:08'),(5,89,'1988-06-19 11:12:44'),(5,97,'1975-05-31 20:12:08'),(6,10,'2005-11-24 16:17:19'),(6,14,'1973-07-31 06:57:52'),(6,21,'1984-10-14 22:09:04'),(6,24,'2011-12-20 02:12:13'),(6,30,'1988-06-01 12:30:29'),(6,42,'1982-01-01 12:30:41'),(6,44,'1996-05-08 16:06:59'),(6,49,'1997-05-30 00:35:28'),(6,57,'1994-05-23 05:02:09'),(6,58,'1986-08-27 04:11:48'),(6,60,'2016-06-10 23:05:34'),(6,62,'2013-12-26 23:13:20'),(6,67,'2015-03-03 18:06:38'),(6,71,'1982-01-13 20:05:30'),(6,76,'1970-11-30 16:37:54'),(6,86,'2008-12-25 03:45:36'),(6,87,'2016-12-01 07:22:25'),(6,91,'1977-09-23 12:32:23'),(6,100,'1991-10-25 05:08:34');
/*!40000 ALTER TABLE `communities_users` ENABLE KEYS */;
UNLOCK TABLES;

--
-- Table structure for table `friendship`
--

DROP TABLE IF EXISTS `friendship`;
/*!40101 SET @saved_cs_client     = @@character_set_client */;
/*!50503 SET character_set_client = utf8mb4 */;
CREATE TABLE `friendship` (
  `user_id` int unsigned NOT NULL COMMENT 'Ссылка на инициатора дружеских отношений',
  `friend_id` int unsigned NOT NULL COMMENT 'Ссылка на получателя приглашения дружить',
  `status_id` int unsigned NOT NULL COMMENT 'Ссылка на статус (текущее состояние) отношений',
  `confirmed_at` datetime DEFAULT NULL COMMENT 'Время подтверждения приглашения',
  `created_at` datetime DEFAULT CURRENT_TIMESTAMP COMMENT 'Время создания строки',
  `updated_at` datetime DEFAULT CURRENT_TIMESTAMP ON UPDATE CURRENT_TIMESTAMP COMMENT 'Время обновления строки',
  PRIMARY KEY (`user_id`,`friend_id`) COMMENT 'Составной первичный ключ'
) ENGINE=InnoDB DEFAULT CHARSET=utf8 COLLATE=utf8_unicode_ci COMMENT='Таблица дружбы';
/*!40101 SET character_set_client = @saved_cs_client */;

--
-- Dumping data for table `friendship`
--

LOCK TABLES `friendship` WRITE;
/*!40000 ALTER TABLE `friendship` DISABLE KEYS */;
INSERT INTO `friendship` VALUES (1,11,2,'1988-03-17 03:51:59','1997-03-09 21:23:40','2020-06-24 21:50:16'),(6,45,2,'1999-06-12 20:47:02','1981-11-09 13:41:09','2020-06-24 21:50:16'),(6,95,2,'2007-02-02 17:30:15','1981-01-29 17:00:06','2020-06-24 21:44:38'),(7,40,3,'1974-04-12 12:24:04','2012-08-31 13:04:54','2020-06-24 21:50:16'),(7,70,2,'2014-09-21 19:29:04','1970-06-01 02:23:47','2020-06-24 21:50:16'),(8,39,2,'1973-11-15 11:48:04','1974-11-13 05:53:56','2020-06-24 21:44:38'),(8,67,2,'1998-06-30 10:02:13','2004-12-12 03:44:17','2020-06-24 21:50:16'),(9,35,2,'2007-01-24 09:21:43','2014-12-15 10:15:47','2020-06-24 21:50:16'),(9,61,1,'1991-05-06 13:53:47','1977-09-18 14:37:27','2020-06-24 21:50:16'),(9,65,1,'1984-10-15 01:47:37','1980-09-29 19:25:10','2020-06-24 21:44:38'),(11,30,1,'2003-02-15 01:43:28','1980-10-03 15:36:19','2020-06-24 21:50:16'),(12,95,2,'1980-12-17 19:15:11','1998-11-30 00:09:07','2020-06-24 21:50:16'),(13,13,2,'2005-02-01 15:01:15','2016-03-27 16:00:39','2020-06-24 21:50:16'),(13,15,1,'2019-12-07 11:35:30','1976-01-22 07:41:48','2020-06-24 21:50:16'),(13,61,2,'1993-01-17 22:45:58','2009-03-12 10:34:07','2020-06-24 21:44:38'),(14,98,3,'1977-10-08 12:34:06','2016-08-24 16:27:47','2020-06-24 21:50:16'),(15,81,1,'1973-07-05 23:28:40','1975-08-26 06:40:57','2020-06-24 21:44:38'),(17,55,1,'2010-05-10 02:40:27','2009-05-16 23:47:23','2020-06-24 21:50:16'),(18,98,1,'2004-02-27 14:11:31','2017-01-14 09:41:01','2020-06-24 21:44:38'),(19,48,3,'2009-10-19 18:50:14','1977-03-18 17:01:24','2020-06-24 21:50:16'),(21,39,2,'1984-02-11 06:12:59','2011-08-21 01:36:14','2020-06-24 21:44:38'),(21,44,1,'2009-03-09 20:19:21','2010-10-13 06:41:23','2020-06-24 21:50:16'),(22,95,3,'1983-01-22 14:02:27','1996-02-21 16:38:14','2020-06-24 21:50:16'),(23,39,3,'2011-06-21 10:00:54','1980-12-31 11:41:16','2020-06-24 21:50:16'),(23,55,3,'1972-03-30 20:46:31','2014-03-08 07:00:13','2020-06-24 21:50:16'),(23,69,1,'1979-07-28 23:54:55','2005-08-30 14:24:55','2020-06-24 21:44:38'),(23,79,3,'2007-11-19 16:04:08','1999-07-19 13:00:34','2020-06-24 21:50:16'),(24,33,1,'1985-11-24 23:30:44','2011-07-06 12:33:38','2020-06-24 21:50:16'),(24,82,2,'2009-02-05 18:32:40','1991-08-20 15:12:17','2020-06-24 21:50:16'),(26,64,1,'1972-08-20 14:31:42','1992-07-05 16:30:09','2020-06-24 21:44:38'),(27,24,1,'2000-12-07 16:21:54','2002-08-29 22:42:09','2020-06-24 21:50:16'),(27,25,3,'2000-04-21 20:33:06','1983-02-06 21:52:16','2020-06-24 21:50:16'),(27,84,3,'1978-02-01 06:18:41','1980-01-06 08:25:47','2020-06-24 21:50:16'),(28,23,3,'1975-05-11 23:55:24','2014-12-11 13:24:27','2020-06-24 21:50:16'),(28,70,1,'1994-11-15 18:35:42','1990-03-21 15:42:51','2020-06-24 21:44:38'),(30,67,1,'1999-10-25 08:07:10','1970-04-25 22:17:29','2020-06-24 21:50:16'),(32,43,2,'1998-02-11 19:52:48','1970-09-05 04:55:06','2020-06-24 21:50:16'),(34,14,3,'2011-04-08 07:27:14','2015-05-23 07:22:03','2020-06-24 21:50:16'),(34,23,3,'1983-09-13 03:13:12','1996-06-30 16:00:50','2020-06-24 21:50:16'),(35,92,2,'1978-11-18 13:08:28','1986-11-12 05:28:51','2020-06-24 21:44:38'),(36,84,1,'2000-02-22 01:47:44','2003-12-04 07:15:27','2020-06-24 21:50:16'),(36,92,2,'2012-12-01 22:11:03','1987-02-17 10:40:42','2020-06-24 21:44:38'),(37,29,2,'1974-12-13 12:23:26','1980-05-19 04:33:20','2020-06-24 21:50:16'),(38,16,1,'1976-08-20 12:02:56','1970-05-15 21:36:26','2020-06-24 21:44:38'),(40,29,1,'1983-06-25 13:43:55','2007-10-05 06:31:57','2020-06-24 21:44:38'),(40,48,1,'1974-08-07 19:39:17','1976-02-11 18:04:50','2020-06-24 21:50:16'),(40,51,3,'2012-04-14 08:42:26','1994-07-04 12:17:03','2020-06-24 21:50:16'),(41,1,3,'1974-10-15 04:17:39','2008-05-14 07:32:33','2020-06-24 21:50:16'),(42,4,2,'2009-08-05 00:22:35','1976-09-20 19:35:14','2020-06-24 21:44:38'),(42,40,1,'2008-12-23 16:44:13','1970-10-05 22:35:02','2020-06-24 21:44:38'),(43,19,1,'1981-10-11 00:59:24','2002-09-25 05:30:20','2020-06-24 21:50:16'),(44,20,1,'2000-04-17 14:30:28','1993-04-01 14:29:03','2020-06-24 21:44:38'),(47,95,3,'1978-08-28 13:35:00','2019-02-20 22:13:54','2020-06-24 21:50:16'),(48,32,1,'1985-06-07 15:14:09','1974-06-15 05:23:32','2020-06-24 21:50:16'),(49,57,3,'1972-10-12 12:52:09','2003-11-17 05:30:10','2020-06-24 21:50:16'),(50,54,1,'2017-08-08 23:31:28','1971-01-03 18:39:12','2020-06-24 21:44:38'),(53,28,2,'1982-04-11 17:02:59','2011-03-30 20:35:02','2020-06-24 21:44:38'),(53,35,3,'2012-05-03 23:36:09','1977-06-21 09:12:52','2020-06-24 21:50:16'),(53,37,1,'1993-06-02 11:57:09','1970-06-20 02:15:15','2020-06-24 21:44:38'),(53,86,1,'1992-11-04 06:49:42','1977-02-12 07:38:20','2020-06-24 21:44:38'),(54,47,1,'2016-01-08 20:24:17','1987-04-04 15:58:04','2020-06-24 21:44:38'),(55,90,3,'1972-09-12 15:47:17','1990-08-25 08:07:23','2020-06-24 21:50:16'),(56,2,3,'1978-05-07 00:52:35','1995-09-28 06:22:42','2020-06-24 21:50:16'),(57,17,3,'1988-09-03 03:13:33','1999-11-26 11:02:30','2020-06-24 21:50:16'),(57,59,2,'1970-08-08 05:15:48','1991-02-12 18:28:31','2020-06-24 21:44:38'),(59,14,2,'2012-03-08 09:39:26','2000-08-20 10:55:44','2020-06-24 21:44:38'),(61,58,3,'1982-11-12 05:33:04','1981-07-22 15:15:32','2020-06-24 21:50:16'),(63,9,3,'1994-10-19 10:07:10','2019-10-23 20:44:02','2020-06-24 21:50:16'),(64,37,2,'2010-03-06 02:21:59','2020-06-20 05:20:53','2020-06-24 21:50:16'),(65,61,1,'2001-02-21 19:44:18','1992-06-22 23:34:18','2020-06-24 21:44:38'),(65,78,1,'1973-03-11 17:36:42','1990-04-15 17:34:32','2020-06-24 21:50:16'),(66,19,3,'1984-04-16 04:39:21','2016-11-11 21:26:29','2020-06-24 21:50:16'),(66,22,3,'1971-04-02 23:31:11','1984-12-22 06:01:33','2020-06-24 21:50:16'),(66,68,2,'1986-07-23 03:57:12','1998-02-08 01:22:11','2020-06-24 21:44:38'),(69,86,1,'1977-08-18 23:40:22','1986-11-25 03:44:39','2020-06-24 21:44:38'),(70,4,2,'1995-06-09 00:40:11','2020-01-27 14:27:27','2020-06-24 21:44:38'),(70,90,3,'1977-01-23 07:56:00','1983-03-05 01:23:53','2020-06-24 21:50:16'),(71,36,1,'1972-09-30 22:59:52','1982-04-03 02:11:14','2020-06-24 21:44:38'),(73,23,2,'1999-09-18 17:01:00','2006-07-12 02:50:08','2020-06-24 21:44:38'),(74,50,3,'1980-04-06 23:26:20','2006-01-30 02:37:34','2020-06-24 21:50:16'),(74,65,2,'1979-01-01 22:11:58','2008-10-25 02:46:27','2020-06-24 21:44:38'),(75,95,1,'1983-01-24 07:34:52','1971-05-30 20:26:53','2020-06-24 21:44:38'),(79,73,3,'2018-07-17 13:29:11','2020-01-08 16:59:54','2020-06-24 21:50:16'),(83,32,1,'1999-10-07 22:41:46','2006-01-12 09:33:07','2020-06-24 21:44:38'),(83,47,3,'1987-06-11 07:43:35','1995-12-25 07:18:38','2020-06-24 21:50:16'),(84,15,3,'1989-08-05 08:14:22','1994-08-13 10:09:07','2020-06-24 21:50:16'),(85,81,1,'2013-02-10 05:22:31','2005-09-19 14:59:25','2020-06-24 21:50:16'),(86,93,1,'2018-05-03 16:33:23','1975-04-01 17:48:41','2020-06-24 21:50:16'),(87,74,3,'1995-01-03 22:38:45','1976-04-24 07:20:50','2020-06-24 21:50:16'),(87,91,1,'1993-10-08 12:55:25','2017-05-17 18:48:56','2020-06-24 21:44:38'),(91,12,2,'2003-08-11 16:35:09','2006-12-01 05:59:38','2020-06-24 21:50:16'),(92,27,3,'2002-03-24 16:39:19','2016-02-10 15:50:08','2020-06-24 21:50:16'),(92,88,1,'1990-08-12 13:20:07','1984-10-17 01:03:47','2020-06-24 21:50:16'),(93,53,1,'1982-08-29 08:32:41','2016-09-19 05:32:40','2020-06-24 21:50:16'),(94,55,2,'1978-06-05 20:52:47','1984-03-03 08:37:35','2020-06-24 21:50:16'),(94,69,3,'1972-01-20 00:16:47','2006-08-05 09:26:44','2020-06-24 21:50:16'),(95,8,2,'1988-09-18 08:34:15','1985-07-22 00:59:31','2020-06-24 21:44:38'),(96,9,2,'1990-03-18 05:04:59','2007-01-21 13:46:21','2020-06-24 21:50:16'),(96,22,3,'1973-08-30 14:31:06','2009-10-21 14:30:08','2020-06-24 21:50:16'),(97,90,2,'2006-01-29 03:38:08','2004-09-25 07:08:04','2020-06-24 21:44:38');
/*!40000 ALTER TABLE `friendship` ENABLE KEYS */;
UNLOCK TABLES;

--
-- Table structure for table `friendship_statuses`
--

DROP TABLE IF EXISTS `friendship_statuses`;
/*!40101 SET @saved_cs_client     = @@character_set_client */;
/*!50503 SET character_set_client = utf8mb4 */;
CREATE TABLE `friendship_statuses` (
  `id` int unsigned NOT NULL AUTO_INCREMENT COMMENT 'Идентификатор строки',
  `name` varchar(150) CHARACTER SET utf8 COLLATE utf8_unicode_ci NOT NULL COMMENT 'Название статуса',
  `created_at` datetime DEFAULT CURRENT_TIMESTAMP COMMENT 'Время создания строки',
  `updated_at` datetime DEFAULT CURRENT_TIMESTAMP ON UPDATE CURRENT_TIMESTAMP COMMENT 'Время обновления строки',
  PRIMARY KEY (`id`),
  UNIQUE KEY `name` (`name`)
) ENGINE=InnoDB AUTO_INCREMENT=4 DEFAULT CHARSET=utf8 COLLATE=utf8_unicode_ci COMMENT='Статусы дружбы';
/*!40101 SET character_set_client = @saved_cs_client */;

--
-- Dumping data for table `friendship_statuses`
--

LOCK TABLES `friendship_statuses` WRITE;
/*!40000 ALTER TABLE `friendship_statuses` DISABLE KEYS */;
INSERT INTO `friendship_statuses` VALUES (1,'Requested','2020-06-24 21:49:50','2020-06-24 21:49:50'),(2,'Confirmed','2020-06-24 21:49:50','2020-06-24 21:49:50'),(3,'Rejected','2020-06-24 21:49:50','2020-06-24 21:49:50');
/*!40000 ALTER TABLE `friendship_statuses` ENABLE KEYS */;
UNLOCK TABLES;

--
-- Table structure for table `media`
--

DROP TABLE IF EXISTS `media`;
/*!40101 SET @saved_cs_client     = @@character_set_client */;
/*!50503 SET character_set_client = utf8mb4 */;
CREATE TABLE `media` (
  `id` int unsigned NOT NULL AUTO_INCREMENT COMMENT 'Идентификатор строки',
  `user_id` int unsigned NOT NULL COMMENT 'Ссылка на пользователя, который загрузил файл',
  `filename` varchar(255) CHARACTER SET utf8 COLLATE utf8_unicode_ci NOT NULL COMMENT 'Путь к файлу',
  `size` int NOT NULL COMMENT 'Размер файла',
  `metadata` json DEFAULT NULL,
  `media_type_id` int unsigned NOT NULL COMMENT 'Ссылка на тип контента',
  `created_at` datetime DEFAULT CURRENT_TIMESTAMP COMMENT 'Время создания строки',
  `updated_at` datetime DEFAULT CURRENT_TIMESTAMP ON UPDATE CURRENT_TIMESTAMP COMMENT 'Время обновления строки',
  PRIMARY KEY (`id`),
  CONSTRAINT `media_chk_1` CHECK (json_valid(`metadata`))
) ENGINE=InnoDB AUTO_INCREMENT=101 DEFAULT CHARSET=utf8 COLLATE=utf8_unicode_ci COMMENT='Медиафайлы';
/*!40101 SET character_set_client = @saved_cs_client */;

--
-- Dumping data for table `media`
--

LOCK TABLES `media` WRITE;
/*!40000 ALTER TABLE `media` DISABLE KEYS */;
INSERT INTO `media` VALUES (1,14,'https://dropbox.com/vk/fuga.avi',4077512,'{\"owner\": \"Ronaldo Erdman\"}',2,'1997-04-01 19:03:49','2020-06-24 21:41:10'),(2,9,'https://dropbox.com/vk/harum.png',3509,'{\"owner\": \"Khalid Torp\"}',2,'1986-08-14 10:19:37','2020-06-24 21:34:03'),(3,4,'https://dropbox.com/vk/quia.mpeg',5683,'{\"owner\": \"Marcelina Bernhard\"}',1,'1977-05-08 14:10:58','2020-06-24 21:41:10'),(4,91,'https://dropbox.com/vk/esse.avi',214477762,'{\"owner\": \"Dedrick Greenholt\"}',2,'1979-07-15 13:04:46','2020-06-24 21:41:10'),(5,42,'https://dropbox.com/vk/at.mpeg',7025350,'{\"owner\": \"Cecelia Pouros\"}',2,'2004-12-24 17:48:52','2020-06-24 21:41:10'),(6,38,'https://dropbox.com/vk/nam.gif',53938869,'{\"owner\": \"Tod Gutkowski\"}',3,'2007-06-17 13:59:56','2020-06-24 21:41:10'),(7,61,'https://dropbox.com/vk/voluptatibus.avi',64193647,'{\"owner\": \"Kadin Lehner\"}',2,'1976-11-25 08:52:08','2020-06-24 21:41:10'),(8,92,'https://dropbox.com/vk/porro.avi',4797,'{\"owner\": \"Rico Ebert\"}',1,'1975-02-23 21:34:38','2020-06-24 21:41:10'),(9,77,'https://dropbox.com/vk/tenetur.jpeg',802733,'{\"owner\": \"Lorenz Schultz\"}',3,'1983-11-01 08:31:41','2020-06-24 21:41:10'),(10,7,'https://dropbox.com/vk/fugiat.mpeg',30422,'{\"owner\": \"Adalberto Beatty\"}',1,'1979-11-19 17:43:18','2020-06-24 21:41:10'),(11,4,'https://dropbox.com/vk/exercitationem.png',3687530,'{\"owner\": \"Marcelina Bernhard\"}',1,'1972-11-19 00:50:15','2020-06-24 21:41:10'),(12,100,'https://dropbox.com/vk/fugit.mpeg',6195112,'{\"owner\": \"Nadia Sawayn\"}',2,'1986-07-13 19:47:20','2020-06-24 21:41:10'),(13,85,'https://dropbox.com/vk/iusto.gif',9902973,'{\"owner\": \"Javon Stehr\"}',1,'1977-05-11 11:32:26','2020-06-24 21:41:10'),(14,24,'https://dropbox.com/vk/numquam.avi',381475799,'{\"owner\": \"Allison Prosacco\"}',1,'2009-05-08 17:36:55','2020-06-24 21:41:10'),(15,64,'https://dropbox.com/vk/consequatur.avi',694403,'{\"owner\": \"Yasmeen Jenkins\"}',2,'1995-05-07 13:31:57','2020-06-24 21:41:10'),(16,48,'https://dropbox.com/vk/autem.mpeg',294823,'{\"owner\": \"Claudie Yundt\"}',2,'2013-11-20 05:28:03','2020-06-24 21:41:10'),(17,50,'https://dropbox.com/vk/suscipit.mpeg',919529,'{\"owner\": \"Nick Volkman\"}',2,'1971-02-07 03:46:10','2020-06-24 21:41:10'),(18,2,'https://dropbox.com/vk/id.avi',69270,'{\"owner\": \"Ayden Berge\"}',2,'2001-03-23 21:48:06','2020-06-24 21:41:10'),(19,62,'https://dropbox.com/vk/iusto.mpeg',901637786,'{\"owner\": \"Tess Kirlin\"}',2,'1992-09-07 11:06:03','2020-06-24 21:41:10'),(20,1,'https://dropbox.com/vk/commodi.gif',1136148,'{\"owner\": \"Elyssa Steuber\"}',1,'1978-01-04 20:25:46','2020-06-24 21:41:10'),(21,21,'https://dropbox.com/vk/aliquid.mpeg',4878727,'{\"owner\": \"Eloise Ullrich\"}',1,'1975-02-15 09:58:53','2020-06-24 21:41:10'),(22,2,'https://dropbox.com/vk/deleniti.gif',1625047,'{\"owner\": \"Ayden Berge\"}',3,'1973-05-23 09:08:54','2020-06-24 21:41:10'),(23,47,'https://dropbox.com/vk/nemo.avi',23361355,'{\"owner\": \"Minerva Stokes\"}',1,'1990-07-17 15:23:36','2020-06-24 21:41:10'),(24,29,'https://dropbox.com/vk/temporibus.png',3479055,'{\"owner\": \"Francesco Gleason\"}',2,'1990-09-16 08:39:09','2020-06-24 21:41:10'),(25,4,'https://dropbox.com/vk/ea.png',2510135,'{\"owner\": \"Marcelina Bernhard\"}',3,'1983-09-04 00:08:16','2020-06-24 21:41:10'),(26,31,'https://dropbox.com/vk/asperiores.avi',714063,'{\"owner\": \"Casper Rath\"}',2,'1991-01-31 10:55:56','2020-06-24 21:41:10'),(27,44,'https://dropbox.com/vk/ipsa.avi',2103510,'{\"owner\": \"Della Herman\"}',3,'1970-12-09 11:49:34','2020-06-24 21:41:10'),(28,27,'https://dropbox.com/vk/ratione.jpeg',2977148,'{\"owner\": \"Abigail Braun\"}',2,'1974-12-10 16:36:14','2020-06-24 21:41:10'),(29,1,'https://dropbox.com/vk/laudantium.avi',54759,'{\"owner\": \"Elyssa Steuber\"}',3,'1992-11-23 11:28:10','2020-06-24 21:41:10'),(30,24,'https://dropbox.com/vk/eveniet.avi',8565210,'{\"owner\": \"Allison Prosacco\"}',2,'2013-03-16 22:53:03','2020-06-24 21:41:10'),(31,18,'https://dropbox.com/vk/neque.gif',78058,'{\"owner\": \"Aliza Harber\"}',1,'2015-06-26 06:54:03','2020-06-24 21:41:10'),(32,17,'https://dropbox.com/vk/a.avi',3884609,'{\"owner\": \"Pauline Muller\"}',2,'2007-08-24 21:34:53','2020-06-24 21:41:10'),(33,32,'https://dropbox.com/vk/vero.gif',42782407,'{\"owner\": \"Taurean Green\"}',1,'2020-04-17 00:29:35','2020-06-24 21:41:10'),(34,6,'https://dropbox.com/vk/omnis.jpeg',4941086,'{\"owner\": \"Mckenzie Abshire\"}',2,'2004-08-09 11:30:06','2020-06-24 21:41:10'),(35,35,'https://dropbox.com/vk/et.png',13837,'{\"owner\": \"Kelsi Schoen\"}',2,'2006-05-23 18:26:42','2020-06-24 21:41:10'),(36,55,'https://dropbox.com/vk/vel.mpeg',9248585,'{\"owner\": \"Valentina Schamberger\"}',1,'1974-02-03 21:45:32','2020-06-24 21:41:10'),(37,71,'https://dropbox.com/vk/quae.mpeg',42556999,'{\"owner\": \"Bernhard Bechtelar\"}',3,'1981-01-29 11:37:55','2020-06-24 21:41:10'),(38,90,'https://dropbox.com/vk/cum.mpeg',3717413,'{\"owner\": \"Rhiannon Kemmer\"}',3,'2016-11-24 07:59:49','2020-06-24 21:41:10'),(39,34,'https://dropbox.com/vk/dignissimos.gif',6923239,'{\"owner\": \"Bennie Johnston\"}',3,'2001-04-27 07:06:32','2020-06-24 21:41:10'),(40,1,'https://dropbox.com/vk/rem.avi',248648,'{\"owner\": \"Elyssa Steuber\"}',1,'1976-06-17 17:41:12','2020-06-24 21:41:10'),(41,100,'https://dropbox.com/vk/voluptatem.mpeg',3453958,'{\"owner\": \"Nadia Sawayn\"}',1,'1996-12-22 04:54:09','2020-06-24 21:41:10'),(42,100,'https://dropbox.com/vk/et.png',81024,'{\"owner\": \"Nadia Sawayn\"}',2,'1970-03-26 10:24:34','2020-06-24 21:41:10'),(43,98,'https://dropbox.com/vk/rerum.gif',6490072,'{\"owner\": \"Tillman Predovic\"}',1,'2015-02-26 01:56:46','2020-06-24 21:41:10'),(44,90,'https://dropbox.com/vk/facere.mpeg',2078489,'{\"owner\": \"Rhiannon Kemmer\"}',3,'1970-01-16 01:29:16','2020-06-24 21:41:10'),(45,56,'https://dropbox.com/vk/dicta.gif',95209,'{\"owner\": \"Elise Haley\"}',3,'1991-10-31 19:01:39','2020-06-24 21:41:10'),(46,11,'https://dropbox.com/vk/aliquam.mpeg',32449,'{\"owner\": \"Kristian Blick\"}',3,'2013-10-23 18:40:55','2020-06-24 21:41:10'),(47,83,'https://dropbox.com/vk/porro.avi',91378,'{\"owner\": \"Devante Schultz\"}',1,'1979-02-06 20:40:57','2020-06-24 21:41:10'),(48,84,'https://dropbox.com/vk/vel.gif',4116,'{\"owner\": \"Thomas Grant\"}',3,'1970-11-26 21:04:09','2020-06-24 21:41:10'),(49,70,'https://dropbox.com/vk/enim.mpeg',350147167,'{\"owner\": \"Frank Gutmann\"}',2,'1981-11-24 08:30:17','2020-06-24 21:41:10'),(50,95,'https://dropbox.com/vk/vero.avi',94433,'{\"owner\": \"Abby Block\"}',2,'1987-06-03 14:44:33','2020-06-24 21:41:10'),(51,68,'https://dropbox.com/vk/placeat.avi',131454,'{\"owner\": \"Isai Douglas\"}',2,'2002-11-14 18:20:19','2020-06-24 21:41:10'),(52,53,'https://dropbox.com/vk/est.mpeg',912228,'{\"owner\": \"Jaren Terry\"}',1,'1992-05-21 12:00:51','2020-06-24 21:41:10'),(53,59,'https://dropbox.com/vk/asperiores.mpeg',8315674,'{\"owner\": \"Asia Strosin\"}',3,'2001-06-07 15:56:38','2020-06-24 21:41:10'),(54,38,'https://dropbox.com/vk/numquam.gif',84813,'{\"owner\": \"Tod Gutkowski\"}',2,'1990-04-23 10:52:16','2020-06-24 21:41:10'),(55,10,'https://dropbox.com/vk/dolorem.gif',4650316,'{\"owner\": \"Gregoria Huel\"}',2,'1988-09-25 06:36:26','2020-06-24 21:41:10'),(56,35,'https://dropbox.com/vk/tempore.jpeg',8831689,'{\"owner\": \"Kelsi Schoen\"}',3,'1970-03-22 13:43:41','2020-06-24 21:41:10'),(57,48,'https://dropbox.com/vk/aliquid.mpeg',1026,'{\"owner\": \"Claudie Yundt\"}',1,'1998-05-08 00:14:28','2020-06-24 21:41:10'),(58,31,'https://dropbox.com/vk/autem.gif',9201422,'{\"owner\": \"Casper Rath\"}',3,'2017-06-28 11:34:09','2020-06-24 21:41:10'),(59,11,'https://dropbox.com/vk/officia.png',9502045,'{\"owner\": \"Kristian Blick\"}',1,'2012-04-08 04:57:12','2020-06-24 21:41:10'),(60,64,'https://dropbox.com/vk/voluptatem.mpeg',9895958,'{\"owner\": \"Yasmeen Jenkins\"}',3,'2013-04-26 21:23:10','2020-06-24 21:41:10'),(61,85,'https://dropbox.com/vk/neque.avi',2619,'{\"owner\": \"Javon Stehr\"}',1,'1989-05-24 05:55:53','2020-06-24 21:41:10'),(62,32,'https://dropbox.com/vk/minus.mpeg',963658,'{\"owner\": \"Taurean Green\"}',3,'1974-12-03 11:51:48','2020-06-24 21:41:10'),(63,4,'https://dropbox.com/vk/vel.jpeg',5120416,'{\"owner\": \"Marcelina Bernhard\"}',3,'1980-08-21 04:03:41','2020-06-24 21:41:10'),(64,26,'https://dropbox.com/vk/nostrum.gif',2701105,'{\"owner\": \"Antoinette Mayer\"}',2,'2007-06-02 05:33:38','2020-06-24 21:41:10'),(65,16,'https://dropbox.com/vk/veritatis.mpeg',66845,'{\"owner\": \"Eda Collier\"}',2,'1978-11-01 01:35:34','2020-06-24 21:41:10'),(66,2,'https://dropbox.com/vk/et.gif',94614,'{\"owner\": \"Ayden Berge\"}',2,'1995-12-30 23:32:50','2020-06-24 21:41:10'),(67,62,'https://dropbox.com/vk/cum.jpeg',8134278,'{\"owner\": \"Tess Kirlin\"}',1,'2001-05-02 03:30:03','2020-06-24 21:41:10'),(68,2,'https://dropbox.com/vk/assumenda.gif',347764,'{\"owner\": \"Ayden Berge\"}',2,'1993-09-26 14:32:01','2020-06-24 21:41:10'),(69,23,'https://dropbox.com/vk/voluptatem.avi',458236245,'{\"owner\": \"Mallory Bogan\"}',3,'2005-05-19 17:20:29','2020-06-24 21:41:10'),(70,9,'https://dropbox.com/vk/ea.mpeg',59217706,'{\"owner\": \"Khalid Torp\"}',2,'1972-09-04 00:54:15','2020-06-24 21:41:10'),(71,78,'https://dropbox.com/vk/laboriosam.jpeg',2558078,'{\"owner\": \"Julius Morar\"}',1,'1999-04-02 05:20:32','2020-06-24 21:41:10'),(72,60,'https://dropbox.com/vk/doloribus.avi',23884419,'{\"owner\": \"Vance Beer\"}',3,'1979-12-31 11:14:45','2020-06-24 21:41:10'),(73,67,'https://dropbox.com/vk/explicabo.png',8377555,'{\"owner\": \"Bryon Kozey\"}',1,'1989-04-08 07:04:10','2020-06-24 21:41:10'),(74,52,'https://dropbox.com/vk/in.jpeg',4203542,'{\"owner\": \"Darrin Grant\"}',3,'2016-01-02 11:38:26','2020-06-24 21:41:10'),(75,61,'https://dropbox.com/vk/totam.mpeg',951699,'{\"owner\": \"Kadin Lehner\"}',3,'1975-10-27 04:09:01','2020-06-24 21:41:10'),(76,46,'https://dropbox.com/vk/adipisci.avi',142723787,'{\"owner\": \"Sigmund Keeling\"}',3,'2001-01-07 02:04:56','2020-06-24 21:41:10'),(77,48,'https://dropbox.com/vk/architecto.gif',38008,'{\"owner\": \"Claudie Yundt\"}',3,'1998-07-28 11:43:18','2020-06-24 21:41:10'),(78,2,'https://dropbox.com/vk/ea.mpeg',5875046,'{\"owner\": \"Ayden Berge\"}',3,'1985-08-04 14:33:59','2020-06-24 21:41:10'),(79,66,'https://dropbox.com/vk/exercitationem.png',6754604,'{\"owner\": \"Marlon Wuckert\"}',1,'2017-09-05 09:32:24','2020-06-24 21:41:10'),(80,22,'https://dropbox.com/vk/id.jpeg',6137884,'{\"owner\": \"Amina Schulist\"}',3,'1976-01-22 05:13:00','2020-06-24 21:41:10'),(81,11,'https://dropbox.com/vk/et.png',2213082,'{\"owner\": \"Kristian Blick\"}',3,'1994-11-11 23:52:20','2020-06-24 21:41:10'),(82,91,'https://dropbox.com/vk/magnam.gif',73756677,'{\"owner\": \"Dedrick Greenholt\"}',3,'1985-12-26 11:34:36','2020-06-24 21:41:10'),(83,21,'https://dropbox.com/vk/omnis.avi',9921,'{\"owner\": \"Eloise Ullrich\"}',2,'2008-10-02 00:25:19','2020-06-24 21:41:10'),(84,30,'https://dropbox.com/vk/cum.jpeg',415609,'{\"owner\": \"Keegan Beer\"}',3,'1974-06-15 12:35:42','2020-06-24 21:41:10'),(85,89,'https://dropbox.com/vk/nostrum.png',83427205,'{\"owner\": \"Albert Price\"}',2,'1976-05-18 11:37:57','2020-06-24 21:41:10'),(86,55,'https://dropbox.com/vk/odio.gif',3654395,'{\"owner\": \"Valentina Schamberger\"}',3,'1978-04-22 04:47:20','2020-06-24 21:41:10'),(87,5,'https://dropbox.com/vk/perspiciatis.avi',7853,'{\"owner\": \"Lon Erdman\"}',2,'1996-05-23 05:36:22','2020-06-24 21:41:10'),(88,59,'https://dropbox.com/vk/et.mpeg',128332,'{\"owner\": \"Asia Strosin\"}',2,'1983-09-04 20:10:34','2020-06-24 21:41:10'),(89,79,'https://dropbox.com/vk/sint.png',7015148,'{\"owner\": \"Arturo Nolan\"}',3,'1970-04-08 00:39:54','2020-06-24 21:41:10'),(90,17,'https://dropbox.com/vk/quis.gif',4102554,'{\"owner\": \"Pauline Muller\"}',2,'1981-09-21 08:20:25','2020-06-24 21:41:10'),(91,49,'https://dropbox.com/vk/voluptas.png',7127316,'{\"owner\": \"Adeline Adams\"}',3,'2015-10-26 00:35:11','2020-06-24 21:41:10'),(92,93,'https://dropbox.com/vk/perferendis.png',9457326,'{\"owner\": \"Christian Dooley\"}',2,'1976-04-14 21:36:32','2020-06-24 21:41:10'),(93,18,'https://dropbox.com/vk/veniam.png',3065,'{\"owner\": \"Aliza Harber\"}',3,'1988-10-10 08:55:53','2020-06-24 21:41:10'),(94,11,'https://dropbox.com/vk/quo.mpeg',4968970,'{\"owner\": \"Kristian Blick\"}',2,'1985-03-27 12:52:27','2020-06-24 21:41:10'),(95,99,'https://dropbox.com/vk/et.avi',5701,'{\"owner\": \"Karlee Medhurst\"}',2,'1995-02-03 12:20:46','2020-06-24 21:41:10'),(96,62,'https://dropbox.com/vk/voluptas.gif',6462872,'{\"owner\": \"Tess Kirlin\"}',2,'1971-10-08 08:14:06','2020-06-24 21:41:10'),(97,11,'https://dropbox.com/vk/cumque.mpeg',535970054,'{\"owner\": \"Kristian Blick\"}',1,'1981-03-01 16:26:15','2020-06-24 21:41:10'),(98,69,'https://dropbox.com/vk/quisquam.mpeg',7397451,'{\"owner\": \"Darian Reilly\"}',1,'2012-04-08 05:18:50','2020-06-24 21:41:10'),(99,13,'https://dropbox.com/vk/magnam.avi',391870,'{\"owner\": \"Candice Bayer\"}',1,'1990-10-29 03:45:40','2020-06-24 21:41:10'),(100,56,'https://dropbox.com/vk/https://dropbox.com/vk/necessitatibus.avi.jpeg',7588638,'{\"owner\": \"Elise Haley\"}',1,'1992-07-05 02:35:31','2020-06-24 21:41:10');
/*!40000 ALTER TABLE `media` ENABLE KEYS */;
UNLOCK TABLES;

--
-- Table structure for table `media_types`
--

DROP TABLE IF EXISTS `media_types`;
/*!40101 SET @saved_cs_client     = @@character_set_client */;
/*!50503 SET character_set_client = utf8mb4 */;
CREATE TABLE `media_types` (
  `id` int unsigned NOT NULL AUTO_INCREMENT COMMENT 'Идентификатор строки',
  `name` varchar(255) CHARACTER SET utf8 COLLATE utf8_unicode_ci NOT NULL COMMENT 'Название типа',
  `created_at` datetime DEFAULT CURRENT_TIMESTAMP COMMENT 'Время создания строки',
  `updated_at` datetime DEFAULT CURRENT_TIMESTAMP ON UPDATE CURRENT_TIMESTAMP COMMENT 'Время обновления строки',
  PRIMARY KEY (`id`),
  UNIQUE KEY `name` (`name`)
) ENGINE=InnoDB AUTO_INCREMENT=4 DEFAULT CHARSET=utf8 COLLATE=utf8_unicode_ci COMMENT='Типы медиафайлов';
/*!40101 SET character_set_client = @saved_cs_client */;

--
-- Dumping data for table `media_types`
--

LOCK TABLES `media_types` WRITE;
/*!40000 ALTER TABLE `media_types` DISABLE KEYS */;
INSERT INTO `media_types` VALUES (1,'photo','2020-06-24 21:12:54','2020-06-24 21:12:54'),(2,'video','2020-06-24 21:12:54','2020-06-24 21:12:54'),(3,'audio','2020-06-24 21:12:54','2020-06-24 21:12:54');
/*!40000 ALTER TABLE `media_types` ENABLE KEYS */;
UNLOCK TABLES;

--
-- Table structure for table `messages`
--

DROP TABLE IF EXISTS `messages`;
/*!40101 SET @saved_cs_client     = @@character_set_client */;
/*!50503 SET character_set_client = utf8mb4 */;
CREATE TABLE `messages` (
  `id` int unsigned NOT NULL AUTO_INCREMENT COMMENT 'Идентификатор строки',
  `from_user_id` int unsigned NOT NULL COMMENT 'Ссылка на отправителя сообщения',
  `to_user_id` int unsigned NOT NULL COMMENT 'Ссылка на получателя сообщения',
  `body` text CHARACTER SET utf8 COLLATE utf8_unicode_ci NOT NULL COMMENT 'Текст сообщения',
  `is_important` tinyint(1) DEFAULT NULL COMMENT 'Признак важности',
  `is_delivered` tinyint(1) DEFAULT NULL COMMENT 'Признак доставки',
  `created_at` datetime DEFAULT CURRENT_TIMESTAMP COMMENT 'Время создания строки',
  `updated_at` datetime DEFAULT CURRENT_TIMESTAMP ON UPDATE CURRENT_TIMESTAMP COMMENT 'Время обновления строки',
  PRIMARY KEY (`id`)
) ENGINE=InnoDB AUTO_INCREMENT=101 DEFAULT CHARSET=utf8 COLLATE=utf8_unicode_ci COMMENT='Сообщения';
/*!40101 SET character_set_client = @saved_cs_client */;

--
-- Dumping data for table `messages`
--

LOCK TABLES `messages` WRITE;
/*!40000 ALTER TABLE `messages` DISABLE KEYS */;
INSERT INTO `messages` VALUES (1,30,62,'Eius sit qui occaecati qui ea qui sed. Neque qui laborum itaque nisi sit unde. Eligendi occaecati eum dicta sed eos veniam.',1,0,'2020-03-27 08:06:13','2020-06-24 20:51:34'),(2,21,19,'Ut officiis dolore aspernatur et velit. Sunt et tenetur ipsum autem. Eveniet tenetur et eaque cum eum.',0,1,'2014-12-13 03:47:26','2020-06-24 20:51:34'),(3,30,93,'Culpa ex non vero ut. Fugiat repellendus sed deleniti est inventore atque non. Sit molestiae qui harum non minima. Laboriosam facilis accusantium id alias ipsam.',0,0,'1978-07-30 16:06:45','2020-06-24 20:51:34'),(4,73,88,'Eligendi minus ex vitae omnis. Sint explicabo iusto magnam quae eveniet omnis. Doloremque nulla alias ut beatae.',1,0,'1975-09-27 17:15:58','2020-06-24 20:51:34'),(5,18,27,'Omnis tempora eum quisquam provident fugit. Minima aut est ipsa necessitatibus. Laborum autem beatae fugit magnam consequatur possimus.',1,0,'2000-03-31 02:59:40','2020-06-24 20:51:34'),(6,82,25,'Velit consequatur quam atque voluptates nesciunt dolore. Omnis vitae dicta sapiente perferendis quae eaque velit. Molestias tempore explicabo repellat quia ut maiores.',1,0,'1995-09-22 10:18:06','2020-06-24 20:51:34'),(7,81,27,'Porro nesciunt non dolorum quia voluptatibus et. Eius amet sit voluptatem recusandae voluptas repellat non suscipit. Molestiae ipsam beatae sit possimus. Qui et repellat eum suscipit atque aut.',0,1,'1993-07-20 17:01:39','2020-06-24 20:51:34'),(8,94,86,'Et temporibus libero et repellat id sunt sed. Voluptatum corrupti distinctio distinctio et incidunt maiores deserunt.',1,1,'2009-04-26 04:15:45','2020-06-24 20:51:34'),(9,50,92,'A possimus et sunt ullam. Et sequi architecto voluptas qui autem neque. Dicta non saepe et.',0,0,'2009-01-15 16:00:14','2020-06-24 20:51:34'),(10,10,74,'Et quo eveniet et. Suscipit officia quia est dolores minus maxime. Et dolores voluptates est fugit explicabo. Qui beatae qui voluptas ut eius consequatur harum.',1,0,'1997-06-25 20:14:00','2020-06-24 20:51:34'),(11,40,75,'Est et aut dolores. Quas voluptas accusamus cupiditate suscipit nihil. Aliquam dolores quasi atque optio. Voluptatem et illo voluptatem quidem id veritatis.',0,1,'1975-02-26 20:54:22','2020-06-24 20:51:34'),(12,56,55,'Et sit totam ut ea. Provident distinctio dicta ipsum voluptate neque quia earum. Eum ut omnis asperiores voluptas voluptatem reprehenderit. Ut sunt autem labore id sapiente.',1,1,'2014-05-07 11:54:05','2020-06-24 20:51:34'),(13,8,71,'Perspiciatis consequatur nihil consequatur molestiae incidunt delectus. Dolore voluptates incidunt ea ratione est fuga ad.',1,1,'1998-08-17 06:07:47','2020-06-24 20:51:34'),(14,33,49,'Quia nihil qui recusandae enim voluptatum. Architecto vel omnis sed. Non quidem ut consectetur. Maxime ut quasi minus odit omnis quas omnis rem.',1,1,'1980-01-30 09:17:10','2020-06-24 20:51:34'),(15,45,80,'Ipsum minima eius rerum. Repellat consectetur quaerat nesciunt optio blanditiis.',1,1,'1990-06-04 15:04:50','2020-06-24 20:51:34'),(16,64,80,'Qui quaerat qui nobis. Debitis aliquid delectus aliquam ut dolor. Est delectus consectetur omnis.',0,1,'2000-04-24 05:28:39','2020-06-24 20:51:34'),(17,5,87,'Iste rem voluptatem enim facilis deleniti deserunt odio iure. Consectetur non vel doloremque in non quia et voluptatem. Reiciendis doloribus impedit repudiandae expedita voluptas porro unde.',0,0,'1993-04-03 00:52:41','2020-06-24 20:51:34'),(18,20,37,'Optio hic culpa voluptatem ut sit. Fugiat esse voluptatum officiis ea.',1,0,'2001-08-08 20:27:49','2020-06-24 20:51:34'),(19,23,5,'Explicabo voluptate vitae maiores amet. Iure dicta vel impedit doloribus porro quisquam voluptas. Et debitis dolor distinctio eos.',0,1,'1970-03-17 01:48:07','2020-06-24 20:51:34'),(20,56,64,'Sunt perspiciatis nobis quis aut et. Ad est earum unde esse. Inventore quisquam quidem aperiam quis tenetur enim.',1,0,'2002-08-13 10:01:05','2020-06-24 20:51:34'),(21,52,69,'Eligendi cum dolorem omnis facere. Qui assumenda nesciunt sapiente aut voluptas. Est aut minima rerum sunt. Sed hic est molestiae. Sed reiciendis cupiditate eaque aliquid quisquam non.',0,1,'1989-06-01 20:00:23','2020-06-24 20:51:34'),(22,89,34,'Sint excepturi molestiae nam et id. Ullam in iste est. Ut est asperiores nihil et fuga.',1,1,'1981-02-17 09:14:17','2020-06-24 20:51:34'),(23,5,24,'Aliquam eaque omnis et itaque provident sed. Consequuntur nam doloribus exercitationem illum.',0,0,'2000-09-15 01:43:46','2020-06-24 20:51:34'),(24,2,36,'Qui dolores sequi ut quo libero. Nihil tenetur provident quam sit vel. Repellat tenetur voluptatem exercitationem eligendi dolores optio ut quia. Consequatur incidunt sit culpa ad quo.',0,0,'1994-05-28 10:02:17','2020-06-24 20:51:34'),(25,76,73,'Facere incidunt est atque. Est qui eaque facilis.',0,0,'1984-08-11 04:37:38','2020-06-24 20:51:34'),(26,33,47,'Autem facere minima alias vel. Et harum at culpa nisi.',0,1,'1975-12-30 13:35:13','2020-06-24 20:51:34'),(27,36,38,'Deserunt reiciendis aspernatur vel dolorem recusandae totam. Saepe ut alias vero et tempore est tempora eos. Alias laboriosam veritatis nesciunt labore perferendis.',0,0,'1998-07-01 21:36:30','2020-06-24 20:51:34'),(28,82,97,'Ratione maiores dolores necessitatibus enim vel atque. Non necessitatibus voluptas incidunt. Pariatur repudiandae et sapiente ut cumque laborum.',0,0,'2016-04-28 10:56:32','2020-06-24 20:51:34'),(29,37,94,'Ex blanditiis ex quidem quibusdam enim. Sapiente doloremque ut provident optio non quae voluptatum. Ea vero possimus officiis. Sed asperiores officiis occaecati.',1,0,'2019-12-25 20:40:43','2020-06-24 20:51:34'),(30,58,7,'Voluptatum quia quis sapiente ullam numquam cumque. Sit qui ipsam hic est labore ad. Qui atque dolore et vel maxime. Et incidunt voluptatum voluptatibus id hic in incidunt blanditiis.',1,1,'1979-02-03 06:50:24','2020-06-24 20:51:34'),(31,60,78,'Ea perspiciatis quam reiciendis possimus sunt aut. Nesciunt voluptatem architecto fugiat et atque sit quis. In illum hic corrupti perspiciatis et eum ad. Et nulla nostrum fuga ullam rem. Expedita repudiandae quo voluptatibus minus corporis.',1,0,'1995-01-13 09:48:49','2020-06-24 20:51:34'),(32,11,20,'Et quas corrupti vero nesciunt doloribus. Dolores alias doloremque porro nihil error neque. Voluptatibus neque est aut doloribus labore. Occaecati quidem tempore numquam molestiae autem.',0,1,'1991-09-30 09:58:23','2020-06-24 20:51:34'),(33,65,67,'Quod sed veritatis ipsam incidunt. Ut sint error ducimus est maxime. Autem cum voluptatum ut doloremque iusto aut voluptates voluptas.',1,0,'2010-06-02 03:12:38','2020-06-24 20:51:34'),(34,40,98,'Molestiae in ad consequuntur consequuntur molestiae et culpa. Ut aliquid voluptatem quo iusto animi et.',1,1,'1981-05-12 03:45:29','2020-06-24 20:51:34'),(35,70,55,'Est qui laboriosam expedita iusto quae sit animi. Eligendi sit repudiandae dolores eveniet quas. Placeat perspiciatis officia tempora sit. Sunt expedita qui incidunt adipisci et.',0,1,'1984-07-07 20:15:20','2020-06-24 20:51:34'),(36,65,58,'Repellat eligendi voluptatem expedita modi vel qui alias. Voluptate dolores labore laudantium est.',0,1,'2000-06-11 22:02:58','2020-06-24 20:51:34'),(37,96,7,'Soluta eum sed repudiandae eaque dolorum. Doloribus ipsam iusto voluptas minima odio. Est qui hic quis nemo fugiat.',1,0,'1977-01-25 01:32:55','2020-06-24 20:51:34'),(38,44,100,'Nihil neque et itaque quibusdam et explicabo rerum. Provident perferendis qui asperiores repudiandae voluptatem beatae. Ratione sint cum quae nihil. Molestiae quo quia nam rerum.',0,1,'1996-02-27 23:48:54','2020-06-24 20:51:34'),(39,65,26,'Beatae ut nostrum architecto adipisci sint similique. Consectetur quis doloribus ea et. Qui ut magni dicta iusto nulla quia. Reprehenderit quasi eos et dolor voluptas illo. Sapiente porro voluptas eum animi iusto porro.',0,0,'2011-09-18 05:45:47','2020-06-24 20:51:34'),(40,35,96,'Consequatur eum ab dolor laborum sed perspiciatis. Corrupti non impedit ea. Est aspernatur dolor id aut quia. Et enim dolor dolores et aut neque non.',1,1,'1975-05-17 19:35:21','2020-06-24 20:51:34'),(41,73,77,'Debitis perferendis occaecati ea minima hic. Illum velit quo totam est. Amet et magnam in veniam aliquam.',1,0,'1984-04-29 08:18:12','2020-06-24 20:51:34'),(42,64,91,'Eos totam voluptas aut vel. Fugit deserunt deleniti ipsa. Dolorem exercitationem commodi asperiores qui ex qui suscipit sunt.',0,1,'2008-11-13 07:14:38','2020-06-24 20:51:34'),(43,63,39,'Suscipit exercitationem hic temporibus et quibusdam. Fugit perspiciatis aut autem excepturi. Totam sapiente sint iure omnis cumque sint sed voluptate. Optio porro ut totam praesentium aut maiores.',1,1,'1992-01-15 01:35:21','2020-06-24 20:51:34'),(44,7,17,'Ea sint dolor temporibus accusantium delectus atque consequuntur facilis. Fugit quia rerum ducimus voluptates eos.',1,0,'2011-12-10 09:08:50','2020-06-24 20:51:34'),(45,63,64,'Non sit odio laborum unde. Facilis at tempore qui ut ex labore a. Incidunt eveniet delectus quis aut et. Non quas sapiente dignissimos facere expedita ut ipsa. Occaecati sapiente ullam nesciunt impedit.',0,0,'1991-07-28 03:01:55','2020-06-24 20:51:34'),(46,32,68,'Quos repellat ea quaerat consequatur earum nobis ut. Voluptatem aut provident et exercitationem. Id et illum voluptatem repellat odio. Et dignissimos ut et nesciunt. Cupiditate et dolorem soluta.',1,1,'1977-12-30 14:14:51','2020-06-24 20:51:34'),(47,44,15,'Dolore qui reiciendis itaque unde harum consequuntur ea quo. Est dolorem iure minima laboriosam eius. Eveniet et veritatis assumenda dolorum inventore. Ut rerum rem quasi voluptatem aliquam repudiandae libero.',0,0,'2008-05-07 08:13:30','2020-06-24 20:51:34'),(48,43,70,'Perspiciatis cupiditate et dolorum nam. Eligendi neque itaque deserunt. Similique eos voluptas ab mollitia possimus sapiente eveniet.',0,0,'1990-07-12 04:15:31','2020-06-24 20:51:34'),(49,22,96,'Et voluptatum cum est itaque cupiditate cumque. Est magni veniam et vel qui tenetur nulla. Est at id non officiis magnam. Quo culpa dignissimos totam nam eius autem.',1,1,'2008-08-06 23:51:56','2020-06-24 20:51:34'),(50,14,83,'Ut exercitationem ipsum nisi voluptas illum rerum. Quaerat veritatis similique omnis eum ut. Repellendus error velit tenetur sit ratione molestias. Dolorum est nam rerum sint voluptates.',1,0,'2018-10-01 04:10:58','2020-06-24 20:51:34'),(51,74,17,'Veritatis in molestiae impedit nostrum. Non temporibus vero et quis quod. Cum quaerat ad sint illum sequi. Dolores et modi dolore illum odio et ipsam.',0,0,'2018-08-12 09:49:36','2020-06-24 20:51:34'),(52,65,75,'Nihil sunt expedita non dolor exercitationem saepe. Esse quia sequi nemo ea sint quia porro. Sit vero et quaerat nobis veritatis et enim iusto. Ut consequatur quo aut sunt est esse esse possimus.',1,1,'2017-01-21 10:58:19','2020-06-24 20:51:34'),(53,76,55,'Voluptate repellat ex architecto ex sit dolorum. Ea nesciunt possimus velit quae temporibus asperiores. Molestiae omnis at reprehenderit voluptates necessitatibus nihil.',1,1,'2020-05-18 14:02:37','2020-06-24 20:51:34'),(54,47,69,'Consectetur rem recusandae sed quis. Magnam asperiores perspiciatis sequi quia occaecati voluptatem sed ipsum. Est magni labore laudantium voluptatum eum quia.',0,0,'2011-11-05 08:37:26','2020-06-24 20:51:34'),(55,5,18,'Veniam accusamus libero quo est ducimus quidem. Delectus qui magni quam ipsa atque laboriosam. Voluptatem consectetur facilis architecto alias. Est ad dolor velit nobis excepturi enim.',0,1,'1999-12-04 07:58:42','2020-06-24 20:51:34'),(56,74,16,'Iste harum voluptas totam pariatur temporibus et minus reprehenderit. Magnam animi aut eum voluptas eveniet sit omnis. Nihil et maxime beatae facilis.',1,1,'1973-10-29 17:44:17','2020-06-24 20:51:34'),(57,57,36,'A est atque rerum iure. Voluptatibus cumque voluptates similique atque. Quo sit neque accusantium quibusdam. Fuga et quod ut aut quae ipsam.',1,1,'2005-12-09 05:46:16','2020-06-24 20:51:34'),(58,8,32,'Dolorem laboriosam deleniti maxime aliquid. Recusandae eveniet non quo velit dolores consequatur. Nesciunt sit ut sed.',0,0,'2007-02-15 03:55:07','2020-06-24 20:51:34'),(59,36,82,'Iure doloremque aut nam natus voluptatum enim. Optio voluptates eos repellat sint sed velit quam. Quae dolorem similique velit voluptatem quaerat quis.',1,0,'2001-05-27 11:20:38','2020-06-24 20:51:34'),(60,4,74,'Aliquid necessitatibus asperiores sit quis inventore adipisci harum. Velit iusto aspernatur cum officia omnis. Eaque et suscipit aut id. Nulla molestiae sit incidunt ipsam et.',1,1,'2009-12-20 03:44:21','2020-06-24 20:51:34'),(61,57,62,'Necessitatibus dolorem alias dolor quos similique velit quis. Qui laboriosam id consequatur est. Qui libero debitis sunt et mollitia repellat aspernatur. Iusto maxime quas laboriosam ipsum.',0,1,'1998-12-24 00:42:43','2020-06-24 20:51:34'),(62,37,98,'Placeat velit hic exercitationem sunt mollitia ea atque. Nam voluptas quas molestiae. Quia molestiae earum qui tenetur necessitatibus mollitia. Ipsum aperiam in est laboriosam in qui.',1,0,'1975-07-15 15:54:08','2020-06-24 20:51:34'),(63,81,8,'Harum iusto blanditiis eos sit cum. Eum eligendi ab praesentium placeat doloribus. Est explicabo debitis enim ex consequatur. Alias et exercitationem et tenetur qui.',0,0,'1973-05-16 20:36:43','2020-06-24 20:51:34'),(64,98,66,'Adipisci quae cupiditate ratione quae perspiciatis. Doloremque deleniti odit voluptatum facere. Accusantium doloribus nostrum tempore non occaecati quis.',1,1,'2010-03-18 12:28:13','2020-06-24 20:51:34'),(65,35,76,'Repellendus qui quasi vel aut. Quibusdam recusandae rerum harum sunt occaecati. Ea et magni in.',0,1,'1975-10-01 01:00:36','2020-06-24 20:51:34'),(66,73,40,'Tenetur est dicta pariatur itaque quibusdam velit reiciendis inventore. Debitis voluptatem sunt eius distinctio occaecati. Non dolorum autem nostrum alias quidem iusto qui. Sunt qui repellendus est commodi debitis.',1,0,'2012-12-23 13:42:00','2020-06-24 20:51:34'),(67,78,69,'Enim quaerat iure voluptatem sit. Pariatur aut sed dolores autem. Illum nesciunt consectetur et error. Impedit ullam molestiae possimus suscipit atque.',1,0,'2007-08-01 12:23:03','2020-06-24 20:51:34'),(68,12,53,'Dolores deleniti dolorem rem qui iste quo. Est ut praesentium et enim. Aliquid excepturi dicta officia eum voluptas. Sunt iste placeat ducimus ipsa at.',0,1,'1985-10-18 16:14:50','2020-06-24 20:51:34'),(69,29,84,'Architecto iusto delectus et enim. Sed repellendus illum illum quis quidem veritatis nobis. Suscipit accusantium cupiditate veritatis fugiat non. Aut et consectetur ab libero eius repellendus.',1,1,'1999-04-20 18:53:43','2020-06-24 20:51:34'),(70,33,14,'Voluptatem iusto rerum provident magnam aut. Nihil laborum iste nostrum architecto. Sunt voluptatem quisquam sunt velit. Fugiat molestiae hic blanditiis id impedit. Minima eveniet ab pariatur voluptatem.',0,0,'1992-05-18 14:51:33','2020-06-24 20:51:34'),(71,69,2,'Sit adipisci atque vitae aut neque nobis eaque. Quo ab occaecati adipisci magni adipisci. Excepturi qui ea esse itaque. Fuga veniam temporibus et voluptatum.',0,0,'2018-01-09 19:49:13','2020-06-24 20:51:34'),(72,4,13,'Corrupti quo modi rerum quisquam. Quaerat non modi ad. Ducimus itaque vero nisi vitae. Reiciendis eaque placeat voluptates.',1,1,'2014-10-14 18:53:36','2020-06-24 20:51:34'),(73,52,20,'Rem non rerum deleniti omnis aliquid. Odio minus commodi pariatur alias temporibus. Velit exercitationem accusantium rerum reiciendis.',0,0,'1970-12-05 17:34:31','2020-06-24 20:51:34'),(74,45,63,'At nam autem sit sit. Tenetur iure molestias nulla magni doloribus deserunt qui. Quidem eos voluptatem autem maiores aut dolorum libero. Non voluptates earum est exercitationem ea.',0,1,'1989-08-18 20:09:03','2020-06-24 20:51:34'),(75,80,12,'Accusamus ducimus numquam et. Harum consequatur ratione accusantium. Nam non et velit temporibus consequatur enim.',1,1,'2013-12-22 03:09:09','2020-06-24 20:51:34'),(76,17,51,'Vero eius quia voluptate et et modi. Voluptatem eos quibusdam cupiditate saepe et facilis. Iure eaque perferendis aut ut voluptatibus.',1,1,'1976-05-10 14:46:45','2020-06-24 20:51:34'),(77,2,56,'Possimus laudantium facere omnis assumenda quo alias accusamus. Aut unde enim dolorem quae quasi ad.',1,1,'2012-08-30 03:15:13','2020-06-24 20:51:34'),(78,75,5,'Et fugiat voluptatum qui iste cumque. Alias ab est aliquam rerum accusantium illum. Harum fugit et nihil nihil et dolorum magni accusamus. Et laudantium accusantium consequatur dolorem sed.',1,0,'2008-08-13 13:36:51','2020-06-24 20:51:34'),(79,98,77,'Consequuntur id aut consequatur. Est debitis commodi sed veritatis. Reprehenderit quia voluptatum consequatur tempore.',1,0,'2006-03-05 09:19:27','2020-06-24 20:51:34'),(80,91,21,'Autem aut fuga quae tenetur autem vero. A et quia quo rerum dolor itaque. Aut minus quia deleniti tenetur.',0,1,'2020-03-07 06:16:32','2020-06-24 20:51:34'),(81,31,92,'Similique temporibus est eum debitis. Sed quibusdam consequuntur autem cum. Maxime tempora assumenda ad qui veniam quaerat impedit. Quaerat ratione delectus cumque id ut qui et et.',1,0,'2002-11-20 10:01:17','2020-06-24 20:51:34'),(82,66,54,'Rerum excepturi eaque soluta eaque accusamus. Consequatur aut dignissimos blanditiis ipsa. Doloribus voluptas ipsam asperiores autem earum fuga consequatur.',1,0,'2009-07-30 05:53:27','2020-06-24 20:51:34'),(83,70,88,'Quaerat eum est magnam. Consequuntur id est iure nihil tempora explicabo. Aut aut ducimus velit odit beatae veritatis beatae ratione. Unde est voluptate occaecati. Asperiores omnis expedita quibusdam et.',0,1,'2005-02-09 02:00:46','2020-06-24 20:51:34'),(84,28,78,'Magni ea tempora ut rerum nostrum quidem dicta. Sunt alias laboriosam quos quos et laudantium amet omnis. Esse nisi in officiis vitae mollitia ut assumenda.',1,0,'2016-09-05 11:02:07','2020-06-24 20:51:34'),(85,6,92,'Quis quam id nesciunt ea autem neque qui. Vel sapiente explicabo nobis ratione minus exercitationem reiciendis. Accusamus similique voluptatem velit ea sequi voluptatem.',1,0,'2002-08-15 13:43:42','2020-06-24 20:51:34'),(86,45,49,'Sint nulla qui fuga quis et provident. Voluptas autem placeat nostrum ut cum. Dolore optio explicabo rerum non expedita. Eos rerum earum quia fuga distinctio deserunt et.',1,1,'2004-04-22 06:11:48','2020-06-24 20:51:34'),(87,7,88,'Tempora ut quas porro velit placeat accusantium. Illum dolor ea eum eveniet. Aut ad laudantium maiores amet omnis alias nihil magnam. Nemo quos delectus velit odio. Fugit minus quam sint assumenda sit commodi.',0,1,'1985-10-30 11:48:35','2020-06-24 20:51:34'),(88,20,33,'Dolorum totam ab facilis omnis quas. Sequi quaerat et ut voluptatibus ratione eius perspiciatis animi. Ex est similique suscipit quis et voluptatem. Est eveniet consectetur debitis consequuntur consequatur et alias.',0,1,'2001-12-05 04:14:30','2020-06-24 20:51:34'),(89,4,22,'Harum natus voluptatem consequatur debitis error consequatur. Non possimus assumenda odio fugiat blanditiis. Aspernatur eum dolor quis necessitatibus vel.',0,1,'1994-07-20 05:07:40','2020-06-24 20:51:34'),(90,96,13,'Fuga nobis atque ad ratione sequi et. Voluptates fugit numquam qui distinctio ut sed. Voluptas consequatur et aspernatur iure.',1,1,'1972-06-15 06:49:49','2020-06-24 20:51:34'),(91,79,56,'Quo eveniet iure libero commodi omnis quas. Distinctio esse quisquam quos minus. Rem aut nisi ut omnis rerum.',1,0,'1999-04-27 11:10:25','2020-06-24 20:51:34'),(92,42,43,'Saepe iure ratione voluptatem. Facere commodi animi libero assumenda ut ad. Consequatur non dolorem doloremque aut aut rem. Quia laboriosam dolor veritatis.',0,1,'1972-07-22 03:01:58','2020-06-24 20:51:34'),(93,87,7,'Quam quae itaque quaerat est est magni at. Rerum quidem cum et sit est sed repudiandae. Ea perspiciatis enim sapiente et.',1,0,'2009-11-07 02:41:17','2020-06-24 20:51:34'),(94,74,50,'Nesciunt minima quos maxime libero dolores. Iure suscipit ipsum iure.',0,0,'1983-07-08 05:26:51','2020-06-24 20:51:34'),(95,24,69,'Quo totam dolorum quis exercitationem sint veniam. Fugiat aliquam sequi quo odit amet animi beatae. Et tempore esse quia. Harum qui ad vitae consequatur.',1,0,'2000-12-24 21:57:48','2020-06-24 20:51:34'),(96,74,63,'Illo molestias sunt dolore autem magni. Enim cumque deleniti ut eum qui rerum. Enim explicabo soluta culpa doloremque nihil sapiente quaerat. Tempore harum qui porro sit est.',1,1,'1997-12-06 05:51:25','2020-06-24 20:51:34'),(97,94,80,'Consequatur voluptas molestiae at veritatis doloribus. Officiis sed ratione aut fugit. Est consectetur numquam pariatur consequatur necessitatibus harum qui quae.',0,0,'1970-04-07 19:33:16','2020-06-24 20:51:34'),(98,15,37,'Nihil est a quidem eum. Distinctio sed adipisci laborum. Voluptatibus hic corrupti aut aut. A adipisci vel modi vel.',1,1,'2020-04-28 05:28:17','2020-06-24 20:51:34'),(99,40,89,'Itaque quod quas et in quis assumenda quis nihil. Et eum et assumenda non voluptas. Expedita architecto asperiores voluptatem.',1,0,'2019-05-25 07:13:50','2020-06-24 20:51:34'),(100,22,43,'Dolorem voluptas maiores eius odit. Ut velit culpa consequuntur placeat quo modi veniam velit. Minus qui sunt corporis.',1,0,'1977-05-10 14:16:27','2020-06-24 20:51:34');
/*!40000 ALTER TABLE `messages` ENABLE KEYS */;
UNLOCK TABLES;

--
-- Table structure for table `profiles`
--

DROP TABLE IF EXISTS `profiles`;
/*!40101 SET @saved_cs_client     = @@character_set_client */;
/*!50503 SET character_set_client = utf8mb4 */;
CREATE TABLE `profiles` (
  `user_id` int unsigned NOT NULL COMMENT 'Ссылка на пользователя',
  `gender` char(1) CHARACTER SET utf8 COLLATE utf8_unicode_ci NOT NULL COMMENT 'Пол',
  `birthday` date DEFAULT NULL COMMENT 'Дата рождения',
  `photo_id` int unsigned DEFAULT NULL COMMENT 'Ссылка на основную фотографию пользователя',
  `city` varchar(130) CHARACTER SET utf8 COLLATE utf8_unicode_ci DEFAULT NULL COMMENT 'Город проживания',
  `country` varchar(130) CHARACTER SET utf8 COLLATE utf8_unicode_ci DEFAULT NULL COMMENT 'Страна проживания',
  `created_at` datetime DEFAULT CURRENT_TIMESTAMP COMMENT 'Время создания строки',
  `updated_at` datetime DEFAULT CURRENT_TIMESTAMP ON UPDATE CURRENT_TIMESTAMP COMMENT 'Время обновления строки',
  PRIMARY KEY (`user_id`)
) ENGINE=InnoDB DEFAULT CHARSET=utf8 COLLATE=utf8_unicode_ci COMMENT='Профили';
/*!40101 SET character_set_client = @saved_cs_client */;

--
-- Dumping data for table `profiles`
--

LOCK TABLES `profiles` WRITE;
/*!40000 ALTER TABLE `profiles` DISABLE KEYS */;
INSERT INTO `profiles` VALUES (1,'m','2009-05-07',62,'East Kailyn','Russian Federation','1995-06-06 04:17:31','2020-06-24 20:42:07'),(2,'w','1970-08-05',14,'East Meaghan','Russian Federation','2013-07-01 01:38:13','2020-06-24 20:42:07'),(3,'m','1976-01-16',1,'Hilllmouth','Belarus','1984-10-31 19:01:47','2020-06-24 20:42:07'),(4,'m','1979-11-14',73,'Port Gracielastad','Belarus','2014-11-06 00:13:36','2020-06-24 20:42:07'),(5,'w','2002-02-18',92,'Lake Cielo','Russian Federation','1995-12-14 19:30:44','2020-06-24 20:42:07'),(6,'w','2005-05-24',49,'West Eddstad','Germany','2013-11-12 03:29:24','2020-06-24 20:42:07'),(7,'w','1976-02-11',74,'Lueilwitzburgh','Germany','2000-12-06 23:03:20','2020-06-24 20:42:07'),(8,'w','1974-03-06',26,'East Selmerfurt','Germany','1981-07-01 09:07:02','2020-06-24 20:42:07'),(9,'m','2007-02-16',86,'Port Erwinmouth','Russian Federation','2003-05-01 03:38:38','2020-06-24 20:42:07'),(10,'w','1989-07-06',8,'Port Jaclynton','Belarus','2020-01-16 12:46:46','2020-06-24 20:42:07'),(11,'m','1972-01-23',18,'West Patland','Belarus','2001-10-19 21:15:14','2020-06-24 20:42:07'),(12,'m','1982-01-23',92,'New Avery','Russian Federation','1982-10-26 22:08:11','2020-06-24 20:42:07'),(13,'w','2002-01-28',72,'Daishaberg','Belarus','1970-09-02 09:39:59','2020-06-24 20:42:07'),(14,'m','1983-04-06',13,'Lake Shannon','Russian Federation','1991-12-02 04:15:18','2020-06-24 20:42:07'),(15,'m','1972-06-18',30,'East Horacio','Russian Federation','1999-08-12 05:06:52','2020-06-24 20:42:07'),(16,'m','2011-02-28',55,'Nikitafort','Germany','2010-06-20 05:41:31','2020-06-24 20:42:07'),(17,'m','2016-08-31',44,'North Kyler','Belarus','1996-11-06 02:47:53','2020-06-24 20:42:07'),(18,'m','2019-12-19',82,'Eduardoville','Germany','1972-12-25 00:44:31','2020-06-24 20:42:07'),(19,'m','1999-03-02',94,'Forestborough','Germany','2001-07-02 21:55:28','2020-06-24 20:42:07'),(20,'m','1982-11-05',41,'West Mikaylaside','Russian Federation','1987-01-04 06:10:16','2020-06-24 20:42:07'),(21,'w','1978-05-14',8,'Thompsonburgh','Germany','2009-05-25 02:48:16','2020-06-24 20:42:07'),(22,'m','1970-11-17',4,'South Dillanburgh','Russian Federation','2006-12-14 08:07:37','2020-06-24 20:42:07'),(23,'m','1973-09-28',20,'New Myrltown','Belarus','1971-07-03 08:14:44','2020-06-24 20:42:07'),(24,'w','2015-07-08',56,'Ignatiusland','Belarus','1999-10-17 08:56:20','2020-06-24 20:42:07'),(25,'w','1990-03-18',35,'Burdetteburgh','Germany','1987-12-05 19:55:36','2020-06-24 20:42:07'),(26,'w','2009-09-21',10,'Delilahmouth','Germany','2006-06-07 10:27:51','2020-06-24 20:42:07'),(27,'w','1995-02-21',79,'Rockyberg','Russian Federation','1982-05-08 18:17:47','2020-06-24 20:42:07'),(28,'m','1991-12-26',97,'Trompland','Germany','1986-09-30 08:49:14','2020-06-24 20:42:07'),(29,'w','1983-12-22',34,'Haagborough','Russian Federation','1999-12-13 18:06:11','2020-06-24 20:42:07'),(30,'m','1999-01-26',5,'Israelshire','Russian Federation','1990-10-20 02:06:28','2020-06-24 20:42:07'),(31,'w','2008-09-30',15,'West Jacynthebury','Germany','1980-10-05 14:06:43','2020-06-24 20:42:07'),(32,'m','2012-06-11',52,'Effertzport','Russian Federation','1988-06-15 19:14:14','2020-06-24 20:42:07'),(33,'w','1988-07-22',97,'Maggiobury','Russian Federation','1986-06-27 17:46:03','2020-06-24 20:42:07'),(34,'w','2001-02-07',83,'North Genoveva','Belarus','1984-01-05 23:53:09','2020-06-24 20:42:07'),(35,'w','2003-12-08',43,'South Daishaberg','Belarus','1986-01-23 19:15:17','2020-06-24 20:42:07'),(36,'m','2005-03-10',46,'Port Dereckhaven','Belarus','1997-08-30 03:35:05','2020-06-24 20:42:07'),(37,'m','1985-03-29',38,'Danielport','Russian Federation','2002-03-31 17:45:59','2020-06-24 20:42:07'),(38,'w','1974-08-26',7,'West Gwendolyn','Russian Federation','1983-03-01 11:35:34','2020-06-24 20:42:07'),(39,'w','1985-05-03',79,'Wolffborough','Russian Federation','2020-05-17 20:05:13','2020-06-24 20:42:07'),(40,'m','2003-11-02',12,'Hilllburgh','Russian Federation','1973-01-02 09:57:31','2020-06-24 20:42:07'),(41,'w','2010-10-21',30,'West Maya','Germany','1997-01-13 20:40:59','2020-06-24 20:42:07'),(42,'m','1977-06-19',85,'Reichertmouth','Germany','1976-08-05 23:51:06','2020-06-24 20:42:07'),(43,'m','2010-07-04',92,'West Lucious','Russian Federation','2017-01-19 23:43:15','2020-06-24 20:42:07'),(44,'m','1989-09-29',75,'Opalfurt','Belarus','1974-07-03 16:38:48','2020-06-24 20:42:07'),(45,'w','2011-01-10',23,'Lake Orion','Germany','2014-04-21 12:59:24','2020-06-24 20:42:07'),(46,'m','1989-10-29',24,'Klockomouth','Belarus','2006-01-02 13:56:39','2020-06-24 20:42:07'),(47,'w','2013-10-24',29,'Bernitaborough','Germany','1986-03-06 22:46:09','2020-06-24 20:42:07'),(48,'w','1987-03-29',45,'Alysonmouth','Belarus','2015-01-05 04:39:14','2020-06-24 20:42:07'),(49,'m','2016-09-03',51,'West Joliechester','Germany','1997-06-16 14:09:05','2020-06-24 20:42:07'),(50,'w','1972-07-08',6,'East Randaltown','Belarus','1999-03-03 21:24:38','2020-06-24 20:42:07'),(51,'w','2007-08-12',55,'New Adriel','Belarus','2018-05-27 02:19:10','2020-06-24 20:42:07'),(52,'m','2009-01-16',13,'New Reinaland','Germany','2009-08-19 17:54:29','2020-06-24 20:42:07'),(53,'w','1998-03-06',10,'Stephantown','Germany','1975-09-13 17:44:26','2020-06-24 20:42:07'),(54,'w','1972-05-17',48,'Vadaside','Belarus','1994-08-11 08:06:52','2020-06-24 20:42:07'),(55,'m','1988-05-31',63,'New Jadynbury','Russian Federation','1971-01-09 04:31:56','2020-06-24 20:42:07'),(56,'m','2012-08-15',10,'Lake Wilford','Germany','1973-09-07 22:22:57','2020-06-24 20:42:07'),(57,'w','2000-07-13',76,'Lake Kyra','Germany','1992-04-03 00:49:01','2020-06-24 20:42:07'),(58,'m','2004-08-05',33,'Lake Joany','Germany','1979-10-05 01:39:59','2020-06-24 20:42:07'),(59,'m','1982-12-02',65,'North Tyreek','Russian Federation','1993-04-15 16:04:00','2020-06-24 20:42:07'),(60,'m','2001-01-23',13,'Pricestad','Russian Federation','2000-06-07 18:50:49','2020-06-24 20:42:07'),(61,'w','1996-09-05',2,'New Alishamouth','Germany','1994-03-12 20:08:15','2020-06-24 20:42:07'),(62,'w','1980-04-15',38,'New Cletus','Germany','1996-11-21 17:32:08','2020-06-24 20:42:07'),(63,'w','1997-02-17',100,'Lake Geraldine','Belarus','2019-03-12 20:18:19','2020-06-24 20:42:07'),(64,'m','1990-07-18',7,'Marjoriefort','Germany','2017-11-14 07:26:17','2020-06-24 20:42:07'),(65,'w','1977-09-03',10,'Ethanport','Russian Federation','1982-07-25 14:49:22','2020-06-24 20:42:07'),(66,'w','1997-09-13',32,'Port Delfinaburgh','Belarus','2004-10-27 03:00:44','2020-06-24 20:42:07'),(67,'w','2018-07-09',77,'Gerlachtown','Germany','2012-12-14 07:16:49','2020-06-24 20:42:07'),(68,'w','1985-07-05',28,'North Queenmouth','Belarus','2012-05-14 23:47:02','2020-06-24 20:42:07'),(69,'w','1987-03-02',76,'Waterstown','Germany','2011-07-20 11:16:56','2020-06-24 20:42:07'),(70,'m','2008-08-30',35,'Brielleshire','Germany','1999-10-07 20:48:18','2020-06-24 20:42:07'),(71,'m','1993-01-26',49,'Lake Justiceborough','Germany','1975-08-07 09:42:53','2020-06-24 20:42:07'),(72,'m','1989-05-14',17,'Swaniawskimouth','Germany','1972-03-05 02:37:44','2020-06-24 20:42:07'),(73,'w','2018-07-21',68,'South Aliyafurt','Russian Federation','2004-01-04 13:39:35','2020-06-24 20:42:07'),(74,'w','1999-09-18',44,'Rogelioshire','Russian Federation','1983-11-24 19:46:03','2020-06-24 20:42:07'),(75,'m','2015-03-23',68,'West Bulah','Belarus','2003-10-19 01:54:30','2020-06-24 20:42:07'),(76,'m','1974-05-29',75,'West Cathrinefurt','Belarus','1973-12-25 09:45:09','2020-06-24 20:42:07'),(77,'m','1975-06-23',24,'Ervinstad','Belarus','1974-04-05 21:26:39','2020-06-24 20:42:07'),(78,'m','2013-06-09',41,'North Rita','Germany','1976-02-25 16:03:36','2020-06-24 20:42:07'),(79,'m','2004-01-13',33,'Bogisichton','Germany','1985-01-29 14:33:51','2020-06-24 20:42:07'),(80,'m','1987-01-25',55,'Port Harleyton','Germany','1988-08-11 02:16:17','2020-06-24 20:42:07'),(81,'w','1982-10-27',75,'Felipaborough','Belarus','2007-04-29 21:38:51','2020-06-24 20:42:07'),(82,'m','1983-03-19',83,'Lake Victor','Germany','2009-11-22 08:14:20','2020-06-24 20:42:07'),(83,'w','1972-09-08',54,'Harberborough','Belarus','2011-06-14 16:39:12','2020-06-24 20:42:07'),(84,'w','1997-02-01',48,'West Rebekah','Russian Federation','1996-02-12 01:58:55','2020-06-24 20:42:07'),(85,'w','1990-11-05',97,'Port Erlinghaven','Russian Federation','2020-01-28 20:05:39','2020-06-24 20:42:07'),(86,'w','1977-01-03',63,'South Altashire','Russian Federation','1998-06-20 23:57:30','2020-06-24 20:42:07'),(87,'m','1974-04-11',8,'Monahanfort','Belarus','1972-03-18 00:50:42','2020-06-24 20:42:07'),(88,'m','2015-12-13',39,'South Theodore','Germany','2013-09-12 21:40:01','2020-06-24 20:42:07'),(89,'w','1990-05-29',61,'Maidahaven','Belarus','1991-03-12 12:52:48','2020-06-24 20:42:07'),(90,'w','1988-04-17',64,'Nestorstad','Belarus','2005-10-11 02:40:05','2020-06-24 20:42:07'),(91,'m','2016-01-13',15,'South Merlefort','Germany','2013-04-29 18:30:33','2020-06-24 20:42:07'),(92,'w','1982-08-01',80,'Wizashire','Germany','1992-04-07 17:48:54','2020-06-24 20:42:07'),(93,'m','2016-03-15',17,'North Garryton','Russian Federation','1991-08-09 07:14:23','2020-06-24 20:42:07'),(94,'m','2019-01-02',23,'East Constantin','Germany','2004-07-15 13:06:34','2020-06-24 20:42:07'),(95,'w','2017-02-19',68,'Port Samchester','Belarus','1976-10-02 00:51:01','2020-06-24 20:42:07'),(96,'m','1990-06-09',57,'Port Rigobertotown','Russian Federation','1994-04-22 02:41:58','2020-06-24 20:42:07'),(97,'m','2002-08-16',93,'Arjunfurt','Germany','2013-07-25 04:54:10','2020-06-24 20:42:07'),(98,'m','2007-07-26',66,'Lake Nelda','Russian Federation','2008-03-10 13:35:19','2020-06-24 20:42:07'),(99,'m','1971-09-19',100,'Jacobsstad','Russian Federation','1999-06-18 21:28:01','1977-01-22 02:12:03'),(100,'m','1988-03-22',23,'Veummouth','Germany','1974-03-18 13:15:40','2020-06-24 20:42:07');
/*!40000 ALTER TABLE `profiles` ENABLE KEYS */;
UNLOCK TABLES;

--
-- Table structure for table `users`
--

DROP TABLE IF EXISTS `users`;
/*!40101 SET @saved_cs_client     = @@character_set_client */;
/*!50503 SET character_set_client = utf8mb4 */;
CREATE TABLE `users` (
  `id` int unsigned NOT NULL AUTO_INCREMENT COMMENT 'Идентификатор строки',
  `first_name` varchar(100) CHARACTER SET utf8 COLLATE utf8_unicode_ci NOT NULL COMMENT 'Имя пользователя',
  `last_name` varchar(100) CHARACTER SET utf8 COLLATE utf8_unicode_ci NOT NULL COMMENT 'Фамилия пользователя',
  `email` varchar(100) CHARACTER SET utf8 COLLATE utf8_unicode_ci NOT NULL COMMENT 'Почта',
  `phone` varchar(100) CHARACTER SET utf8 COLLATE utf8_unicode_ci NOT NULL COMMENT 'Телефон',
  `created_at` datetime DEFAULT CURRENT_TIMESTAMP COMMENT 'Время создания строки',
  `updated_at` datetime DEFAULT CURRENT_TIMESTAMP ON UPDATE CURRENT_TIMESTAMP COMMENT 'Время обновления строки',
  PRIMARY KEY (`id`),
  UNIQUE KEY `email` (`email`),
  UNIQUE KEY `phone` (`phone`)
) ENGINE=InnoDB AUTO_INCREMENT=101 DEFAULT CHARSET=utf8 COLLATE=utf8_unicode_ci COMMENT='Пользователи';
/*!40101 SET character_set_client = @saved_cs_client */;

--
-- Dumping data for table `users`
--

LOCK TABLES `users` WRITE;
/*!40000 ALTER TABLE `users` DISABLE KEYS */;
INSERT INTO `users` VALUES (1,'Elyssa','Steuber','hiram30@example.com','1-654-724-1652x9416','1972-09-02 12:52:42','2003-07-19 20:14:09'),(2,'Ayden','Berge','dasia.bashirian@example.com','(913)359-8496','2019-04-25 07:01:51','1975-01-19 15:07:08'),(3,'River','Lemke','dubuque.jonathon@example.org','1-524-981-2167x9434','1975-10-09 09:40:47','2001-10-26 08:02:34'),(4,'Marcelina','Bernhard','ebailey@example.org','345.829.1764x35469','2014-02-02 16:58:22','2002-10-14 23:14:08'),(5,'Lon','Erdman','mboyer@example.org','+23(8)1546287028','1973-10-09 05:33:11','1998-10-31 10:45:12'),(6,'Mckenzie','Abshire','qlang@example.net','188.904.3609','1986-10-11 01:49:54','2003-04-05 16:36:01'),(7,'Adalberto','Beatty','geovanni.hilll@example.net','(346)451-7969','1986-10-25 19:36:13','2003-04-02 19:13:58'),(8,'Tad','Connelly','mallie.rohan@example.org','178.975.1346x17942','1990-07-16 07:14:09','1991-06-16 20:15:21'),(9,'Khalid','Torp','margret.purdy@example.com','(755)619-8790','1975-08-12 16:16:12','1970-01-12 13:54:05'),(10,'Gregoria','Huel','strosin.verdie@example.net','1-233-804-0371x5256','2011-11-25 20:11:41','2004-09-07 22:03:13'),(11,'Kristian','Blick','mercedes.simonis@example.net','+93(0)1270321506','2002-12-22 08:15:16','1991-10-31 02:20:32'),(12,'Bonnie','Erdman','wilkinson.grady@example.org','1-058-897-1763','1999-10-08 14:03:32','2018-04-20 22:26:35'),(13,'Candice','Bayer','melody55@example.org','02546082456','1990-08-27 12:38:23','1981-01-25 03:59:11'),(14,'Ronaldo','Erdman','lawson.witting@example.org','824-761-7831','1988-02-02 04:42:02','1982-06-23 17:21:38'),(15,'Abdullah','Keeling','shuel@example.net','106.476.5552x238','1992-02-18 07:41:02','2019-12-01 00:40:39'),(16,'Eda','Collier','bahringer.filomena@example.com','1-788-818-3491','1996-08-22 19:01:52','1985-03-14 00:13:58'),(17,'Pauline','Muller','lucie.erdman@example.com','1-284-374-9618x17480','1977-03-18 16:26:16','2009-10-21 16:45:55'),(18,'Aliza','Harber','stoltenberg.sigrid@example.com','086-504-3036','1973-11-28 07:28:04','1999-02-01 19:42:31'),(19,'Dax','Heidenreich','antwon42@example.org','569-449-3747x02366','2004-06-20 05:59:37','1981-05-20 16:51:27'),(20,'Monique','Kris','norma12@example.com','314.938.1706x54648','1998-07-13 19:10:48','2004-02-17 03:52:39'),(21,'Eloise','Ullrich','quitzon.frieda@example.net','021-183-1211','2005-01-09 05:20:25','1973-11-25 23:16:44'),(22,'Amina','Schulist','julianne69@example.net','(014)465-3824','2001-04-25 17:13:42','2015-05-03 05:18:37'),(23,'Mallory','Bogan','sheridan.quigley@example.org','063.887.8676x8712','1974-03-14 23:10:08','2012-05-31 13:50:29'),(24,'Allison','Prosacco','schoen.ludie@example.com','243-916-3693','1984-06-03 17:51:39','1970-04-12 18:00:47'),(25,'Miller','Kuhn','ryan.robyn@example.com','(670)529-0250x7409','1978-08-10 19:44:19','1975-09-20 22:13:14'),(26,'Antoinette','Mayer','kane.vandervort@example.org','304.856.6403','2001-04-04 04:08:53','1979-08-06 00:56:48'),(27,'Abigail','Braun','lwilliamson@example.org','303.356.0971x137','1975-01-09 08:29:37','2019-11-05 07:43:16'),(28,'Denis','Kuhn','wkozey@example.net','605-571-0291x523','2003-10-18 04:51:20','2015-11-20 15:13:20'),(29,'Francesco','Gleason','lkihn@example.org','(725)554-0945x6921','2007-08-23 20:10:37','2019-05-10 19:45:26'),(30,'Keegan','Beer','bergnaum.melvina@example.com','+17(5)6878640828','2002-02-17 12:10:49','1983-05-02 21:08:05'),(31,'Casper','Rath','dherman@example.org','831.970.3642x4129','1986-06-05 02:45:07','1982-12-12 14:45:40'),(32,'Taurean','Green','jacobson.dayton@example.org','486-378-6688','2006-06-25 06:47:27','2017-06-10 15:38:51'),(33,'Jasper','Dickens','devan69@example.org','06517443082','2010-01-23 06:49:13','2004-05-20 08:49:24'),(34,'Bennie','Johnston','julie.heller@example.com','368-747-0263','1979-04-10 10:05:03','1999-08-27 00:57:39'),(35,'Kelsi','Schoen','leif.kling@example.org','835.933.0853','1986-06-21 12:00:40','1984-12-23 14:05:25'),(36,'Curt','Kohler','qluettgen@example.com','564.187.6064x8731','2007-05-19 12:03:23','2012-01-14 07:47:05'),(37,'Conor','Heller','caleb.schuster@example.net','(765)711-9549x0200','2010-05-09 13:01:04','1985-12-26 13:28:54'),(38,'Tod','Gutkowski','wgleichner@example.com','+55(5)5327123457','2016-01-05 19:09:02','1980-05-03 14:03:32'),(39,'Boris','Zulauf','conner04@example.net','+58(5)4286860773','2010-05-28 08:01:47','2011-04-28 19:32:46'),(40,'Darron','Roob','ystark@example.net','(771)956-8027','1978-09-20 10:03:14','1974-11-15 02:30:39'),(41,'Millie','Balistreri','gilberto.klocko@example.net','(691)827-5166x62753','1997-03-29 00:15:44','1996-09-09 03:05:45'),(42,'Cecelia','Pouros','ayana.swift@example.com','(540)427-8756','1983-08-11 09:35:08','1994-12-12 17:20:08'),(43,'Carmelo','Franecki','rahsaan.renner@example.net','1-922-199-8537','2005-05-15 08:58:19','1991-08-18 19:35:19'),(44,'Della','Herman','jacinthe.hayes@example.net','473.750.4385','1997-05-31 22:57:07','2007-04-29 11:53:40'),(45,'Vada','McLaughlin','owalsh@example.com','1-042-130-3263x112','1986-07-01 11:19:34','1974-09-17 09:24:39'),(46,'Sigmund','Keeling','general.bashirian@example.net','(452)194-2571x3296','1978-02-08 22:35:38','1976-07-26 23:18:57'),(47,'Minerva','Stokes','danika12@example.com','1-112-768-7595x18425','1997-03-07 19:42:02','1978-01-26 01:52:31'),(48,'Claudie','Yundt','grady.loraine@example.org','(086)720-2893x2172','1985-02-16 13:02:45','1985-10-25 03:38:08'),(49,'Adeline','Adams','ceichmann@example.org','(386)654-8488x73286','1984-03-02 23:16:42','2007-05-28 15:10:45'),(50,'Nick','Volkman','cremin.sunny@example.net','611.166.6858x8185','2005-07-14 18:01:33','1974-03-23 11:02:31'),(51,'Ashlee','Rempel','bernier.taya@example.net','(720)202-0610x8786','1983-11-12 06:42:18','2002-04-13 05:07:59'),(52,'Darrin','Grant','qlockman@example.org','1-898-902-9915','2010-02-22 12:04:24','1986-11-17 00:09:25'),(53,'Jaren','Terry','friesen.olen@example.com','1-109-120-1311','1999-07-15 11:34:37','1979-06-30 18:33:18'),(54,'Guiseppe','Wolf','hanna75@example.com','1-736-976-1027x877','1988-12-13 08:03:52','1995-05-12 02:17:57'),(55,'Valentina','Schamberger','bwiegand@example.com','(802)617-4878','1971-10-12 17:18:13','1971-05-16 00:13:18'),(56,'Elise','Haley','mueller.marcelina@example.org','(511)328-7498x10312','1992-10-18 15:04:18','1997-01-11 02:54:07'),(57,'Jevon','Schultz','demetris.fisher@example.net','493-558-4493x78045','1980-04-02 07:31:03','1971-03-16 08:17:46'),(58,'Emmalee','Breitenberg','virginia04@example.com','(489)588-0038x611','1985-02-18 12:35:19','1973-01-13 09:52:54'),(59,'Asia','Strosin','gust.bartell@example.net','1-316-173-1621x5826','1975-09-10 16:14:33','1971-05-20 18:52:17'),(60,'Vance','Beer','xbogan@example.com','(230)190-1941','1995-01-05 14:41:23','2007-03-05 14:44:06'),(61,'Kadin','Lehner','lane76@example.com','(352)343-3067','2002-10-24 22:16:48','2007-05-08 21:18:22'),(62,'Tess','Kirlin','ocrooks@example.org','+38(2)6214660364','1977-03-25 13:12:39','1993-02-16 17:46:29'),(63,'Wilburn','Price','blanda.matilda@example.net','1-314-116-5908x5186','1984-06-15 21:33:27','2013-10-27 07:14:39'),(64,'Yasmeen','Jenkins','adrien02@example.net','+80(0)2886767324','1986-05-03 17:12:04','2017-09-01 12:46:05'),(65,'Adan','Farrell','turner68@example.net','(239)660-2721','1973-01-01 19:43:48','1977-10-26 11:22:21'),(66,'Marlon','Wuckert','bklocko@example.com','(982)940-2746','1974-05-09 15:18:42','2001-08-04 00:07:50'),(67,'Bryon','Kozey','osborne.schaefer@example.com','692-859-1532x42362','1992-04-21 02:44:46','1984-09-26 05:05:21'),(68,'Isai','Douglas','leonel39@example.org','898-901-7264x8766','1988-04-08 20:43:48','1979-11-04 18:14:18'),(69,'Darian','Reilly','rbernier@example.net','1-087-246-8324x6344','1997-02-08 01:32:27','2011-12-19 04:43:03'),(70,'Frank','Gutmann','collin.treutel@example.net','439-300-5614x4429','1984-10-16 11:52:20','2003-05-01 15:12:25'),(71,'Bernhard','Bechtelar','matteo.leuschke@example.com','+84(4)8253286223','2006-04-17 04:08:47','1976-12-30 07:58:40'),(72,'Rodolfo','Donnelly','lorine18@example.net','(260)602-7017x6149','2002-08-21 03:17:30','2016-08-01 08:48:17'),(73,'Beth','Weber','gbecker@example.org','982-030-8231x294','1977-06-21 00:38:08','1985-04-06 07:07:16'),(74,'Kay','Lemke','markus32@example.org','(478)320-0093x877','1984-08-11 08:55:57','2006-03-07 11:59:28'),(75,'Romaine','Kautzer','veronica78@example.org','00409485991','2009-03-01 05:00:18','2007-05-02 11:59:00'),(76,'Adella','Reynolds','jannie.schmeler@example.com','(390)428-8281x2244','1981-09-26 05:20:32','1980-10-10 15:09:00'),(77,'Lorenz','Schultz','bhammes@example.net','(564)220-1366x0419','2005-06-17 18:05:37','1989-05-26 07:50:49'),(78,'Julius','Morar','wilmer.marks@example.org','836-832-5933x514','1986-06-01 22:07:51','2009-08-18 06:56:02'),(79,'Arturo','Nolan','danial.yundt@example.org','829.478.7820x153','2006-04-05 16:42:34','1970-01-19 17:40:36'),(80,'Juana','Nienow','antonette.langosh@example.com','981.446.5666x237','1990-10-21 18:10:27','2014-05-25 16:39:20'),(81,'Pierre','Herzog','jones.myles@example.org','847-080-5801','1976-07-18 04:05:30','2018-08-31 09:17:29'),(82,'Clemens','Cummings','preynolds@example.net','+00(6)6148538086','2000-11-10 01:00:57','1985-09-05 17:20:12'),(83,'Devante','Schultz','kirlin.bart@example.com','(168)141-7891','2000-10-03 22:41:35','1998-04-10 21:33:25'),(84,'Thomas','Grant','giovani79@example.net','01008570912','1972-10-13 23:29:08','1974-06-02 17:05:31'),(85,'Javon','Stehr','maggio.jason@example.com','207-622-6673x184','1975-04-02 20:40:20','2016-05-14 21:08:58'),(86,'Concepcion','Feil','akuhlman@example.com','1-524-572-1649x000','2009-05-13 08:07:35','2005-09-26 09:44:11'),(87,'Gino','Johnson','braun.sydni@example.com','09067032631','2002-07-13 15:07:46','1990-03-18 19:38:37'),(88,'Herminia','Murray','jessika02@example.org','378.046.8330','1981-07-15 22:39:31','2014-12-24 23:55:41'),(89,'Albert','Price','jrau@example.net','1-123-384-4618','2005-08-07 23:03:56','2017-12-04 19:52:15'),(90,'Rhiannon','Kemmer','xmiller@example.com','599-302-5383x845','1989-12-03 14:59:56','2004-03-14 17:24:15'),(91,'Dedrick','Greenholt','pdietrich@example.com','416.270.7747','1972-06-12 06:50:30','1973-05-14 10:06:10'),(92,'Rico','Ebert','jshanahan@example.org','398-206-3736x562','1993-05-05 00:08:29','1982-06-17 02:04:20'),(93,'Christian','Dooley','sweimann@example.net','1-383-605-8550x6154','1994-09-20 12:40:31','1978-05-25 23:11:14'),(94,'Jesse','Conn','edickinson@example.net','621.268.8672','2007-07-21 19:48:24','2006-10-02 13:43:50'),(95,'Abby','Block','maye.bartoletti@example.net','+31(2)2007707425','1975-11-07 01:56:42','1984-03-08 10:22:56'),(96,'Bertrand','Lynch','watsica.genevieve@example.org','1-093-370-9442x95248','1974-08-25 04:10:57','2001-04-01 18:47:55'),(97,'Diana','Breitenberg','meda15@example.com','076-932-3339','1990-01-17 18:00:32','1978-02-03 13:34:47'),(98,'Tillman','Predovic','jazlyn49@example.org','269-104-5884x1276','2002-08-27 04:48:34','2011-04-08 05:17:18'),(99,'Karlee','Medhurst','korbin12@example.com','373-479-9893x3861','1982-01-11 04:28:23','1980-01-11 13:14:51'),(100,'Nadia','Sawayn','sipes.ned@example.com','(384)729-6762','1981-12-29 03:02:21','1970-05-24 15:55:33');
/*!40000 ALTER TABLE `users` ENABLE KEYS */;
UNLOCK TABLES;
/*!40103 SET TIME_ZONE=@OLD_TIME_ZONE */;

/*!40101 SET SQL_MODE=@OLD_SQL_MODE */;
/*!40014 SET FOREIGN_KEY_CHECKS=@OLD_FOREIGN_KEY_CHECKS */;
/*!40014 SET UNIQUE_CHECKS=@OLD_UNIQUE_CHECKS */;
/*!40101 SET CHARACTER_SET_CLIENT=@OLD_CHARACTER_SET_CLIENT */;
/*!40101 SET CHARACTER_SET_RESULTS=@OLD_CHARACTER_SET_RESULTS */;
/*!40101 SET COLLATION_CONNECTION=@OLD_COLLATION_CONNECTION */;
/*!40111 SET SQL_NOTES=@OLD_SQL_NOTES */;

-- Dump completed on 2020-06-27 10:20:56
